"AgencyCd","SiteNo","AgencyNm","SiteName","DecLatVa","DecLongVa","HorzDatum","HorzMethod","HorzAcy","AltVa","AltUnits","AltUnitsNm","AltDatumCd","AltMethod","AltAcy","WellDepth","WellDepthUnits","WellDepthUnitsNm","NatAquiferCd","NatAqfrDesc","CountryCd","CountryNm","StateCd","StateNm","CountyCd","CountyNm","SiteType","AquiferType","QwSnFlag","QwSnDesc","QwBaselineFlag","QwBaselineDesc","WlSnFlag","WlSnDesc","WlBaselineFlag","WlBaselineDesc","WlWellChars","WlWellCharsDesc","WlWellType","WlWellTypeDesc","WlWellPurpose","WlWellPurposeDesc","Link"
"USGS","372553121102501","U.S. Geological Survey","006S008E09E001M","37.4316111111111","-121.099472222222","NAD83","Global positioning system (GPS), Standard Positioning Service (SPS) or Precise Positioning Service (PPS) NOTE after October, 2014 only use for mapping grade GPS units and use new codes W,X,Y, or Z that indicate the quality of the GNSS survey.","Accurate to +/- .1 second (differentially corrected GPS)","113","1","Feet","NGVD29","Interpolated from topographic map","+/- 2.5 ft","430","1","Feet","S100CNRLVL","Central Valley aquifer system","US","United States of America","06","California","099","Stanislaus County","WELL","CONFINED","0","No","0","No","1","Yes","0","No","2","Suspected / Anticipated Changes","1","Surveillance","1","Dedicated Monitoring/Observation","https://waterdata.usgs.gov/monitoring-location/372553121102501"
"USGS","374307121040101","U.S. Geological Survey","002S008E35M001M","37.7185398712819","-121.067992306424","NAD83","Interpolated from map","Accurate to +/- 1 second","75","1","Feet","NGVD29","Interpolated from topographic map","+/- 5 ft","100","1","Feet","S100CNRLVL","Central Valley aquifer system","US","United States of America","06","California","099","Stanislaus County","WELL","UNCONFINED","1","Yes","1","Yes","0","No","0","No","","","","","","","https://waterdata.usgs.gov/monitoring-location/374307121040101"
"USGS","373753120474602","U.S. Geological Survey","003S011E31G002M","37.6313203071653","-120.797150815723","NAD83","Interpolated from map","Accurate to +/- 1 second","151","1","Feet","NGVD29","Interpolated from topographic map","+/- 2.5 ft","182","1","Feet","S100CNRLVL","Central Valley aquifer system","US","United States of America","06","California","099","Stanislaus County","WELL","UNCONFINED","1","Yes","1","Yes","0","No","0","No","","","","","","","https://waterdata.usgs.gov/monitoring-location/373753120474602"
"USGS","375052121142801","U.S. Geological Survey","001S007E18K001M","37.8479027777778","-121.242044444444","NAD83","Global positioning system (GPS), Standard Positioning Service (SPS) or Precise Positioning Service (PPS) NOTE after October, 2014 only use for mapping grade GPS units and use new codes W,X,Y, or Z that indicate the quality of the GNSS survey.","Accurate to +/- .5 second (Precise Positioning Service (PLGR/PPS GPS))","26","1","Feet","NGVD29","Interpolated from topographic map","+/- 2.5 ft","108","1","Feet","S100CNRLVL","Central Valley aquifer system","US","United States of America","06","California","077","San Joaquin County","WELL","UNCONFINED","1","Yes","1","Yes","0","No","0","No","","","","","","","https://waterdata.usgs.gov/monitoring-location/375052121142801"
"USGS","374909121110101","U.S. Geological Survey","001S007E27J001M","37.8189333333333","-121.185113888889","NAD83","Global positioning system (GPS), Standard Positioning Service (SPS) or Precise Positioning Service (PPS) NOTE after October, 2014 only use for mapping grade GPS units and use new codes W,X,Y, or Z that indicate the quality of the GNSS survey.","Accurate to +/- .5 second (Precise Positioning Service (PLGR/PPS GPS))","46","1","Feet","NGVD29","Interpolated from topographic map","+/- 2.5 ft","122","1","Feet","S100CNRLVL","Central Valley aquifer system","US","United States of America","06","California","077","San Joaquin County","WELL","UNCONFINED","1","Yes","1","Yes","0","No","0","No","","","","","","","https://waterdata.usgs.gov/monitoring-location/374909121110101"
"USGS","374733121062401","U.S. Geological Survey","002S008E05H001M","37.7924944444444","-121.107647222222","NAD83","Global positioning system (GPS), Standard Positioning Service (SPS) or Precise Positioning Service (PPS) NOTE after October, 2014 only use for mapping grade GPS units and use new codes W,X,Y, or Z that indicate the quality of the GNSS survey.","Accurate to +/- .5 second (Precise Positioning Service (PLGR/PPS GPS))","67","1","Feet","NGVD29","Interpolated from topographic map","+/- 2.5 ft","250","1","Feet","S100CNRLVL","Central Valley aquifer system","US","United States of America","06","California","077","San Joaquin County","WELL","UNCONFINED","1","Yes","1","Yes","0","No","0","No","","","","","","","https://waterdata.usgs.gov/monitoring-location/374733121062401"
"USGS","374635121040901","U.S. Geological Survey","002S008E10H001M","37.7768333333333","-121.07","NAD83","Global positioning system (GPS), Standard Positioning Service (SPS) or Precise Positioning Service (PPS) NOTE after October, 2014 only use for mapping grade GPS units and use new codes W,X,Y, or Z that indicate the quality of the GNSS survey.","Accurate to +/- .5 second (Precise Positioning Service (PLGR/PPS GPS))","82","1","Feet","NAVD88","Interpolated from digital elevation model (DEM)","+/- 4.3 ft","160","1","Feet","S100CNRLVL","Central Valley aquifer system","US","United States of America","06","California","077","San Joaquin County","WELL","UNCONFINED","1","Yes","1","Yes","0","No","0","No","","","","","","","https://waterdata.usgs.gov/monitoring-location/374635121040901"
"USGS","374620120592901","U.S. Geological Survey","002S009E09N001M","37.7726666666667","-120.993555555556","NAD83","Global positioning system (GPS), Standard Positioning Service (SPS) or Precise Positioning Service (PPS) NOTE after October, 2014 only use for mapping grade GPS units and use new codes W,X,Y, or Z that indicate the quality of the GNSS survey.","Accurate to +/- .5 second (Precise Positioning Service (PLGR/PPS GPS))","118","1","Feet","NAVD88","Interpolated from digital elevation model (DEM)","+/- 4.3 ft","120","1","Feet","S100CNRLVL","Central Valley aquifer system","US","United States of America","06","California","077","San Joaquin County","WELL","UNCONFINED","1","Yes","1","Yes","0","No","0","No","","","","","","","https://waterdata.usgs.gov/monitoring-location/374620120592901"
"USGS","374524121084801","U.S. Geological Survey","002S007E13Q001M","37.7596111111111","-121.146572222222","NAD83","Global positioning system (GPS), Standard Positioning Service (SPS) or Precise Positioning Service (PPS) NOTE after October, 2014 only use for mapping grade GPS units and use new codes W,X,Y, or Z that indicate the quality of the GNSS survey.","Accurate to +/- .5 second (Precise Positioning Service (PLGR/PPS GPS))","54","1","Feet","NGVD29","Interpolated from topographic map","+/- 2.5 ft","115","1","Feet","S100CNRLVL","Central Valley aquifer system","US","United States of America","06","California","077","San Joaquin County","WELL","UNCONFINED","1","Yes","1","Yes","0","No","0","No","","","","","","","https://waterdata.usgs.gov/monitoring-location/374524121084801"
"USGS","374511121104101","U.S. Geological Survey","002S007E22A001M","37.7530138888889","-121.179383333333","NAD83","Global positioning system (GPS), Standard Positioning Service (SPS) or Precise Positioning Service (PPS) NOTE after October, 2014 only use for mapping grade GPS units and use new codes W,X,Y, or Z that indicate the quality of the GNSS survey.","Accurate to +/- .5 second (Precise Positioning Service (PLGR/PPS GPS))","46","1","Feet","NGVD29","Interpolated from topographic map","+/- 2.5 ft","200","1","Feet","S100CNRLVL","Central Valley aquifer system","US","United States of America","06","California","077","San Joaquin County","WELL","UNCONFINED","1","Yes","1","Yes","0","No","0","No","","","","","","","https://waterdata.usgs.gov/monitoring-location/374511121104101"
"USGS","374448121130701","U.S. Geological Survey","002S007E20J001M","37.7464083333333","-121.222566666667","NAD83","Global positioning system (GPS), Standard Positioning Service (SPS) or Precise Positioning Service (PPS) NOTE after October, 2014 only use for mapping grade GPS units and use new codes W,X,Y, or Z that indicate the quality of the GNSS survey.","Accurate to +/- .5 second (Precise Positioning Service (PLGR/PPS GPS))","34","1","Feet","NGVD29","Interpolated from topographic map","+/- 2.5 ft","175","1","Feet","S100CNRLVL","Central Valley aquifer system","US","United States of America","06","California","077","San Joaquin County","WELL","UNCONFINED","1","Yes","1","Yes","0","No","0","No","","","","","","","https://waterdata.usgs.gov/monitoring-location/374448121130701"
"USGS","374320121010101","U.S. Geological Survey","002S009E31A001M","37.7223611111111","-121.017138888889","NAD83","Global positioning system (GPS), Standard Positioning Service (SPS) or Precise Positioning Service (PPS) NOTE after October, 2014 only use for mapping grade GPS units and use new codes W,X,Y, or Z that indicate the quality of the GNSS survey.","Accurate to +/- .5 second (Precise Positioning Service (PLGR/PPS GPS))","98","1","Feet","NGVD29","Interpolated from topographic map","+/- 5 ft","160","1","Feet","S100CNRLVL","Central Valley aquifer system","US","United States of America","06","California","099","Stanislaus County","WELL","UNCONFINED","1","Yes","1","Yes","0","No","0","No","","","","","","","https://waterdata.usgs.gov/monitoring-location/374320121010101"
"USGS","374210121064001","U.S. Geological Survey","003S008E05K001M","37.7028472222222","-121.109844444444","NAD83","Global positioning system (GPS), Standard Positioning Service (SPS) or Precise Positioning Service (PPS) NOTE after October, 2014 only use for mapping grade GPS units and use new codes W,X,Y, or Z that indicate the quality of the GNSS survey.","Accurate to +/- .5 second (Precise Positioning Service (PLGR/PPS GPS))","60","1","Feet","NAVD88","Interpolated from digital elevation model (DEM)","+/- 4.3 ft","120","1","Feet","S100CNRLVL","Central Valley aquifer system","US","United States of America","06","California","099","Stanislaus County","WELL","UNCONFINED","1","Yes","1","Yes","0","No","0","No","","","","","","","https://waterdata.usgs.gov/monitoring-location/374210121064001"
"USGS","373934121045001","U.S. Geological Survey","003S008E22L001M","37.6594444444444","-121.080583333333","NAD83","Global positioning system (GPS), Standard Positioning Service (SPS) or Precise Positioning Service (PPS) NOTE after October, 2014 only use for mapping grade GPS units and use new codes W,X,Y, or Z that indicate the quality of the GNSS survey.","Accurate to +/- .5 second (Precise Positioning Service (PLGR/PPS GPS))","62","1","Feet","NGVD29","Interpolated from topographic map","+/- 5 ft","117","1","Feet","S100CNRLVL","Central Valley aquifer system","US","United States of America","06","California","099","Stanislaus County","WELL","UNCONFINED","1","Yes","1","Yes","0","No","0","No","","","","","","","https://waterdata.usgs.gov/monitoring-location/373934121045001"
"USGS","373837120474801","U.S. Geological Survey","003S011E30K001M","37.6431916666667","-120.797741666667","NAD83","Global positioning system (GPS), Standard Positioning Service (SPS) or Precise Positioning Service (PPS) NOTE after October, 2014 only use for mapping grade GPS units and use new codes W,X,Y, or Z that indicate the quality of the GNSS survey.","Accurate to +/- .5 second (Precise Positioning Service (PLGR/PPS GPS))","153","1","Feet","NGVD29","Interpolated from topographic map","+/- 2.5 ft","135","1","Feet","S100CNRLVL","Central Valley aquifer system","US","United States of America","06","California","099","Stanislaus County","WELL","UNCONFINED","1","Yes","1","Yes","0","No","0","No","","","","","","","https://waterdata.usgs.gov/monitoring-location/373837120474801"
"USGS","373753120501101","U.S. Geological Survey","003S010E35K001M","37.6317777777778","-120.837833333333","NAD83","Global positioning system (GPS), Standard Positioning Service (SPS) or Precise Positioning Service (PPS) NOTE after October, 2014 only use for mapping grade GPS units and use new codes W,X,Y, or Z that indicate the quality of the GNSS survey.","Accurate to +/- .5 second (Precise Positioning Service (PLGR/PPS GPS))","138","1","Feet","NGVD29","Interpolated from topographic map","+/- 2.5 ft","127","1","Feet","S100CNRLVL","Central Valley aquifer system","US","United States of America","06","California","099","Stanislaus County","WELL","UNCONFINED","1","Yes","1","Yes","0","No","0","No","","","","","","","https://waterdata.usgs.gov/monitoring-location/373753120501101"
"USGS","373531120533101","U.S. Geological Survey","004S010E17B001M","37.5919722222222","-120.892055555556","NAD83","Global positioning system (GPS), Standard Positioning Service (SPS) or Precise Positioning Service (PPS) NOTE after October, 2014 only use for mapping grade GPS units and use new codes W,X,Y, or Z that indicate the quality of the GNSS survey.","Accurate to +/- .5 second (Precise Positioning Service (PLGR/PPS GPS))","109","1","Feet","NGVD29","Interpolated from topographic map","+/- 5 ft","150","1","Feet","S100CNRLVL","Central Valley aquifer system","US","United States of America","06","California","099","Stanislaus County","WELL","UNCONFINED","1","Yes","1","Yes","0","No","0","No","","","","","","","https://waterdata.usgs.gov/monitoring-location/373531120533101"
"USGS","373450120475001","U.S. Geological Survey","004S011E18Q001M","37.5806944444444","-120.797416666667","NAD83","Global positioning system (GPS), Standard Positioning Service (SPS) or Precise Positioning Service (PPS) NOTE after October, 2014 only use for mapping grade GPS units and use new codes W,X,Y, or Z that indicate the quality of the GNSS survey.","Accurate to +/- 1 second","142","1","Feet","NGVD29","Interpolated from topographic map","+/- 5 ft","190","1","Feet","S100CNRLVL","Central Valley aquifer system","US","United States of America","06","California","099","Stanislaus County","WELL","UNCONFINED","1","Yes","1","Yes","0","No","0","No","","","","","","","https://waterdata.usgs.gov/monitoring-location/373450120475001"
"USGS","373341120431301","U.S. Geological Survey","004S011E26H001M","37.5616111111111","-120.720472222222","NAD83","Global positioning system (GPS), Standard Positioning Service (SPS) or Precise Positioning Service (PPS) NOTE after October, 2014 only use for mapping grade GPS units and use new codes W,X,Y, or Z that indicate the quality of the GNSS survey.","Accurate to +/- .5 second (Precise Positioning Service (PLGR/PPS GPS))","200","1","Feet","NGVD29","Interpolated from topographic map","+/- 5 ft","168","1","Feet","S100CNRLVL","Central Valley aquifer system","US","United States of America","06","California","099","Stanislaus County","WELL","UNCONFINED","1","Yes","1","Yes","0","No","0","No","","","","","","","https://waterdata.usgs.gov/monitoring-location/373341120431301"
"USGS","373239120473001","U.S. Geological Survey","004S011E31H001M","37.5442722222222","-120.792697222222","NAD83","Global positioning system (GPS), Standard Positioning Service (SPS) or Precise Positioning Service (PPS) NOTE after October, 2014 only use for mapping grade GPS units and use new codes W,X,Y, or Z that indicate the quality of the GNSS survey.","Accurate to +/- .5 second (Precise Positioning Service (PLGR/PPS GPS))","131","1","Feet","NGVD29","Interpolated from topographic map","+/- 2.5 ft","195","1","Feet","S100CNRLVL","Central Valley aquifer system","US","United States of America","06","California","099","Stanislaus County","WELL","UNCONFINED","1","Yes","1","Yes","0","No","0","No","","","","","","","https://waterdata.usgs.gov/monitoring-location/373239120473001"
"USGS","373227121041801","U.S. Geological Survey","004S008E34K001M","37.5409444444444","-121.071916666667","NAD83","Global positioning system (GPS), Standard Positioning Service (SPS) or Precise Positioning Service (PPS) NOTE after October, 2014 only use for mapping grade GPS units and use new codes W,X,Y, or Z that indicate the quality of the GNSS survey.","Accurate to +/- .5 second (Precise Positioning Service (PLGR/PPS GPS))","52","1","Feet","NGVD29","Interpolated from topographic map","+/- 5 ft","120","1","Feet","S100CNRLVL","Central Valley aquifer system","US","United States of America","06","California","099","Stanislaus County","WELL","UNCONFINED","1","Yes","1","Yes","0","No","0","No","","","","","","","https://waterdata.usgs.gov/monitoring-location/373227121041801"
"USGS","372746120443601","U.S. Geological Survey","005S011E34B001M","37.4623861111111","-120.744763888889","NAD83","Global positioning system (GPS), Standard Positioning Service (SPS) or Precise Positioning Service (PPS) NOTE after October, 2014 only use for mapping grade GPS units and use new codes W,X,Y, or Z that indicate the quality of the GNSS survey.","Accurate to +/- .5 second (Precise Positioning Service (PLGR/PPS GPS))","131","1","Feet","NGVD29","Interpolated from topographic map","+/- 2.5 ft","96","1","Feet","S100CNRLVL","Central Valley aquifer system","US","United States of America","06","California","047","Merced County","WELL","UNCONFINED","1","Yes","1","Yes","0","No","0","No","","","","","","","https://waterdata.usgs.gov/monitoring-location/372746120443601"
"USGS","372646120410401","U.S. Geological Survey","006S012E06A001M","37.4457888888889","-120.685283333333","NAD83","Global positioning system (GPS), Standard Positioning Service (SPS) or Precise Positioning Service (PPS) NOTE after October, 2014 only use for mapping grade GPS units and use new codes W,X,Y, or Z that indicate the quality of the GNSS survey.","Accurate to +/- .5 second (Precise Positioning Service (PLGR/PPS GPS))","160","1","Feet","NGVD29","Interpolated from topographic map","+/- 2.5 ft","211","1","Feet","S100CNRLVL","Central Valley aquifer system","US","United States of America","06","California","047","Merced County","WELL","UNCONFINED","1","Yes","1","Yes","0","No","0","No","","","","","","","https://waterdata.usgs.gov/monitoring-location/372646120410401"
"USGS","372205120433801","U.S. Geological Survey","006S011E35H001M","37.3679944444444","-120.7281","NAD83","Global positioning system (GPS), Standard Positioning Service (SPS) or Precise Positioning Service (PPS) NOTE after October, 2014 only use for mapping grade GPS units and use new codes W,X,Y, or Z that indicate the quality of the GNSS survey.","Accurate to +/- .5 second (Precise Positioning Service (PLGR/PPS GPS))","122","1","Feet","NGVD29","Interpolated from topographic map","+/- 2.5 ft","80","1","Feet","S100CNRLVL","Central Valley aquifer system","US","United States of America","06","California","047","Merced County","WELL","UNCONFINED","1","Yes","1","Yes","0","No","0","No","","","","","","","https://waterdata.usgs.gov/monitoring-location/372205120433801"
"USGS","371926120420901","U.S. Geological Survey","007S012E18M001M","37.323675","-120.701902777778","NAD83","Global positioning system (GPS), Standard Positioning Service (SPS) or Precise Positioning Service (PPS) NOTE after October, 2014 only use for mapping grade GPS units and use new codes W,X,Y, or Z that indicate the quality of the GNSS survey.","Accurate to +/- .5 second (Precise Positioning Service (PLGR/PPS GPS))","117","1","Feet","NGVD29","Interpolated from topographic map","+/- 2.5 ft","91","1","Feet","S100CNRLVL","Central Valley aquifer system","US","United States of America","06","California","047","Merced County","WELL","UNCONFINED","1","Yes","1","Yes","0","No","0","No","","","","","","","https://waterdata.usgs.gov/monitoring-location/371926120420901"
"USGS","374902121031101","U.S. Geological Survey","001S008E26J001M","37.8173611111111","-121.053222222222","NAD83","Global positioning system (GPS), Standard Positioning Service (SPS) or Precise Positioning Service (PPS) NOTE after October, 2014 only use for mapping grade GPS units and use new codes W,X,Y, or Z that indicate the quality of the GNSS survey.","Accurate to +/- .5 second (Precise Positioning Service (PLGR/PPS GPS))","83","1","Feet","NGVD29","Interpolated from topographic map","+/- 2.5 ft","160","1","Feet","S100CNRLVL","Central Valley aquifer system","US","United States of America","06","California","077","San Joaquin County","WELL","UNCONFINED","1","Yes","1","Yes","0","No","0","No","","","","","","","https://waterdata.usgs.gov/monitoring-location/374902121031101"
"USGS","374043121100301","U.S. Geological Survey","003S007E14B001M","37.6786472222222","-121.169591666667","NAD83","Global positioning system (GPS), Standard Positioning Service (SPS) or Precise Positioning Service (PPS) NOTE after October, 2014 only use for mapping grade GPS units and use new codes W,X,Y, or Z that indicate the quality of the GNSS survey.","Accurate to +/- .5 second (Precise Positioning Service (PLGR/PPS GPS))","42","1","Feet","NGVD29","Interpolated from topographic map","+/- 2.5 ft","127","1","Feet","S100CNRLVL","Central Valley aquifer system","US","United States of America","06","California","099","Stanislaus County","WELL","UNCONFINED","1","Yes","1","Yes","0","No","0","No","","","","","","","https://waterdata.usgs.gov/monitoring-location/374043121100301"
"USGS","373351121032301","U.S. Geological Survey","004S008E26B003M","37.5641861111111","-121.057347222222","NAD83","Global positioning system (GPS), Standard Positioning Service (SPS) or Precise Positioning Service (PPS) NOTE after October, 2014 only use for mapping grade GPS units and use new codes W,X,Y, or Z that indicate the quality of the GNSS survey.","Accurate to +/- .5 second (Precise Positioning Service (PLGR/PPS GPS))","57","1","Feet","NGVD29","Interpolated from topographic map","+/- 5 ft","125","1","Feet","S100CNRLVL","Central Valley aquifer system","US","United States of America","06","California","099","Stanislaus County","WELL","UNCONFINED","1","Yes","1","Yes","0","No","0","No","","","","","","","https://waterdata.usgs.gov/monitoring-location/373351121032301"
"USGS","373114120595001","U.S. Geological Survey","005S009E08A001M","37.5190944444444","-120.995786111111","NAD83","Global positioning system (GPS), Standard Positioning Service (SPS) or Precise Positioning Service (PPS) NOTE after October, 2014 only use for mapping grade GPS units and use new codes W,X,Y, or Z that indicate the quality of the GNSS survey.","Accurate to +/- .5 second (Precise Positioning Service (PLGR/PPS GPS))","66","1","Feet","NGVD29","Interpolated from topographic map","+/- 2.5 ft","130","1","Feet","S100CNRLVL","Central Valley aquifer system","US","United States of America","06","California","099","Stanislaus County","WELL","UNCONFINED","1","Yes","1","Yes","0","No","0","No","","","","","","","https://waterdata.usgs.gov/monitoring-location/373114120595001"
"USGS","372933120565901","U.S. Geological Survey","005S009E23C002M","37.4924666666667","-120.949633333333","NAD83","Global positioning system (GPS), Standard Positioning Service (SPS) or Precise Positioning Service (PPS) NOTE after October, 2014 only use for mapping grade GPS units and use new codes W,X,Y, or Z that indicate the quality of the GNSS survey.","Accurate to +/- .5 second (Precise Positioning Service (PLGR/PPS GPS))","71","1","Feet","NGVD29","Interpolated from topographic map","+/- 2.5 ft","125","1","Feet","S100CNRLVL","Central Valley aquifer system","US","United States of America","06","California","099","Stanislaus County","WELL","UNCONFINED","1","Yes","1","Yes","0","No","0","No","","","","","","","https://waterdata.usgs.gov/monitoring-location/372933120565901"
"USGS","372617120530201","U.S. Geological Survey","006S010E04M001M","37.4384305555556","-120.885055555556","NAD83","Global positioning system (GPS), Standard Positioning Service (SPS) or Precise Positioning Service (PPS) NOTE after October, 2014 only use for mapping grade GPS units and use new codes W,X,Y, or Z that indicate the quality of the GNSS survey.","Accurate to +/- .5 second (Precise Positioning Service (PLGR/PPS GPS))","81","1","Feet","NGVD29","Interpolated from topographic map","+/- 2.5 ft","115","1","Feet","S100CNRLVL","Central Valley aquifer system","US","United States of America","06","California","047","Merced County","WELL","UNCONFINED","1","Yes","1","Yes","0","No","0","No","","","","","","","https://waterdata.usgs.gov/monitoring-location/372617120530201"
"USGS","372323120554401","U.S. Geological Survey","006S009E25B001M","37.389375","-120.928927777778","NAD83","Global positioning system (GPS), Standard Positioning Service (SPS) or Precise Positioning Service (PPS) NOTE after October, 2014 only use for mapping grade GPS units and use new codes W,X,Y, or Z that indicate the quality of the GNSS survey.","Accurate to +/- .5 second (Precise Positioning Service (PLGR/PPS GPS))","69","1","Feet","NGVD29","Interpolated from topographic map","+/- 2.5 ft","67","1","Feet","S100CNRLVL","Central Valley aquifer system","US","United States of America","06","California","047","Merced County","WELL","UNCONFINED","1","Yes","1","Yes","0","No","0","No","","","","","","","https://waterdata.usgs.gov/monitoring-location/372323120554401"
"USGS","372553121102503","U.S. Geological Survey","006S008E09E003M","37.4316111111111","-121.099472222222","NAD83","Global positioning system (GPS), Standard Positioning Service (SPS) or Precise Positioning Service (PPS) NOTE after October, 2014 only use for mapping grade GPS units and use new codes W,X,Y, or Z that indicate the quality of the GNSS survey.","Accurate to +/- .1 second (differentially corrected GPS)","113","1","Feet","NGVD29","Interpolated from topographic map","+/- 2.5 ft","115","1","Feet","S100CNRLVL","Central Valley aquifer system","US","United States of America","06","California","099","Stanislaus County","WELL","UNCONFINED","0","No","0","No","1","Yes","0","No","2","Suspected / Anticipated Changes","1","Surveillance","1","Dedicated Monitoring/Observation","https://waterdata.usgs.gov/monitoring-location/372553121102503"
"USGS","372553121102502","U.S. Geological Survey","006S008E09E002M","37.4316111111111","-121.099472222222","NAD83","Global positioning system (GPS), Standard Positioning Service (SPS) or Precise Positioning Service (PPS) NOTE after October, 2014 only use for mapping grade GPS units and use new codes W,X,Y, or Z that indicate the quality of the GNSS survey.","Accurate to +/- .1 second (differentially corrected GPS)","113","1","Feet","NGVD29","Interpolated from topographic map","+/- 2.5 ft","255","1","Feet","S100CNRLVL","Central Valley aquifer system","US","United States of America","06","California","099","Stanislaus County","WELL","CONFINED","0","No","0","No","1","Yes","0","No","2","Suspected / Anticipated Changes","1","Surveillance","1","Dedicated Monitoring/Observation","https://waterdata.usgs.gov/monitoring-location/372553121102502"
"USGS","373240120473202","U.S. Geological Survey","004S011E31H003M","37.5443777777778","-120.793436111111","NAD83","Global positioning system (GPS), Standard Positioning Service (SPS) or Precise Positioning Service (PPS) NOTE after October, 2014 only use for mapping grade GPS units and use new codes W,X,Y, or Z that indicate the quality of the GNSS survey.","Accurate to +/- .5 second (Precise Positioning Service (PLGR/PPS GPS))","129","1","Feet","NGVD29","Interpolated from topographic map","+/- 2.5 ft","101","1","Feet","S100CNRLVL","Central Valley aquifer system","US","United States of America","06","California","099","Stanislaus County","WELL","UNCONFINED","0","No","0","No","1","Yes","1","Yes","2","Suspected / Anticipated Changes","1","Surveillance","1","Dedicated Monitoring/Observation","https://waterdata.usgs.gov/monitoring-location/373240120473202"
"USGS","373240120473201","U.S. Geological Survey","004S011E31H002M","37.5443777777778","-120.793436111111","NAD83","Global positioning system (GPS), Standard Positioning Service (SPS) or Precise Positioning Service (PPS) NOTE after October, 2014 only use for mapping grade GPS units and use new codes W,X,Y, or Z that indicate the quality of the GNSS survey.","Accurate to +/- .5 second (Precise Positioning Service (PLGR/PPS GPS))","129","1","Feet","NGVD29","Interpolated from topographic map","+/- 2.5 ft","171","1","Feet","S100CNRLVL","Central Valley aquifer system","US","United States of America","06","California","099","Stanislaus County","WELL","UNCONFINED","0","No","0","No","1","Yes","1","Yes","2","Suspected / Anticipated Changes","1","Surveillance","1","Dedicated Monitoring/Observation","https://waterdata.usgs.gov/monitoring-location/373240120473201"
"USGS","374438121130902","U.S. Geological Survey","002S007E20K002M","37.7441694444444","-121.219080555556","NAD83","Global positioning system (GPS), Standard Positioning Service (SPS) or Precise Positioning Service (PPS) NOTE after October, 2014 only use for mapping grade GPS units and use new codes W,X,Y, or Z that indicate the quality of the GNSS survey.","Accurate to +/- .5 second (Precise Positioning Service (PLGR/PPS GPS))","32","1","Feet","NGVD29","Interpolated from topographic map","+/- 2.5 ft","44","1","Feet","S100CNRLVL","Central Valley aquifer system","US","United States of America","06","California","077","San Joaquin County","WELL","UNCONFINED","0","No","0","No","1","Yes","1","Yes","2","Suspected / Anticipated Changes","1","Surveillance","1","Dedicated Monitoring/Observation","https://waterdata.usgs.gov/monitoring-location/374438121130902"
"USGS","374148120581601","U.S. Geological Survey","003S009E03N002M","37.6965833333333","-120.97175","NAD83","Global positioning system (GPS), Standard Positioning Service (SPS) or Precise Positioning Service (PPS) NOTE after October, 2014 only use for mapping grade GPS units and use new codes W,X,Y, or Z that indicate the quality of the GNSS survey.","Accurate to +/- .5 second (Precise Positioning Service (PLGR/PPS GPS))","107","1","Feet","NAVD88","Interpolated from digital elevation model (DEM)","+/- 4.3 ft","110","1","Feet","S100CNRLVL","Central Valley aquifer system","US","United States of America","06","California","099","Stanislaus County","WELL","UNCONFINED","1","Yes","1","Yes","0","No","0","No","","","","","","","https://waterdata.usgs.gov/monitoring-location/374148120581601"
"USGS","372742120443601","U.S. Geological Survey","005S011E34B002M","37.4616028255937","-120.744368427732","NAD83","Interpolated from map","Accurate to +/- 1 second","128","1","Feet","NGVD29","Interpolated from topographic map","+/- 2.5 ft","97","1","Feet","S100CNRLVL","Central Valley aquifer system","US","United States of America","06","California","047","Merced County","WELL","UNCONFINED","0","No","0","No","1","Yes","1","Yes","2","Suspected / Anticipated Changes","1","Surveillance","1","Dedicated Monitoring/Observation","https://waterdata.usgs.gov/monitoring-location/372742120443601"
"USGS","363106119372001","U.S. Geological Survey","016S022E19P002M","36.5182194444444","-119.622311111111","NAD83","Global positioning system (GPS), Standard Positioning Service (SPS) or Precise Positioning Service (PPS) NOTE after October, 2014 only use for mapping grade GPS units and use new codes W,X,Y, or Z that indicate the quality of the GNSS survey.","Accurate to +/- .1 second (differentially corrected GPS)","284","1","Feet","NGVD29","Interpolated from topographic map","+/- 2.5 ft","119","1","Feet","S100CNRLVL","Central Valley aquifer system","US","United States of America","06","California","019","Fresno County","WELL","UNCONFINED","0","No","0","No","1","Yes","1","Yes","2","Suspected / Anticipated Changes","1","Surveillance","1","Dedicated Monitoring/Observation","https://waterdata.usgs.gov/monitoring-location/363106119372001"
"USGS","363029119202001","U.S. Geological Survey","016S024E26M001M","36.5080059521955","-119.339840308376","NAD83","Interpolated from map","Accurate to +/- 1 second","330","1","Feet","NGVD29","Interpolated from topographic map","+/- 2.5 ft","120","1","Feet","S100CNRLVL","Central Valley aquifer system","US","United States of America","06","California","107","Tulare County","WELL","UNCONFINED","1","Yes","1","Yes","0","No","0","No","","","","","","","https://waterdata.usgs.gov/monitoring-location/363029119202001"
"USGS","364807119551001","U.S. Geological Survey","013S019E17H002M","36.80189109992","-119.920430317352","NAD83","Interpolated from map","Accurate to +/- 1 second","282","1","Feet","NGVD29","Interpolated from topographic map","+/- 2.5 ft","145","1","Feet","S100CNRLVL","Central Valley aquifer system","US","United States of America","06","California","019","Fresno County","WELL","UNCONFINED","1","Yes","1","Yes","0","No","0","No","","","","","","","https://waterdata.usgs.gov/monitoring-location/364807119551001"
"USGS","361905119472901","U.S. Geological Survey","018S020E34L001M","36.3169722222222","-119.796777777778","NAD83","Global positioning system (GPS), Standard Positioning Service (SPS) or Precise Positioning Service (PPS) NOTE after October, 2014 only use for mapping grade GPS units and use new codes W,X,Y, or Z that indicate the quality of the GNSS survey.","Accurate to +/- .5 second (Precise Positioning Service (PLGR/PPS GPS))","225","1","Feet","NGVD29","Interpolated from topographic map","+/- 2.5 ft","232","1","Feet","S100CNRLVL","Central Valley aquifer system","US","United States of America","06","California","031","Kings County","WELL","UNCONFINED","1","Yes","1","Yes","0","No","0","No","","","","","","","https://waterdata.usgs.gov/monitoring-location/361905119472901"
"USGS","363418119384201","U.S. Geological Survey","016S021E01E001M","36.5716170452761","-119.645966902861","NAD83","Interpolated from map","Accurate to +/- 1 second","301","1","Feet","NGVD29","Interpolated from topographic map","+/- 2.5 ft","120","1","Feet","S100CNRLVL","Central Valley aquifer system","US","United States of America","06","California","019","Fresno County","WELL","UNCONFINED","1","Yes","1","Yes","0","No","0","No","","","","","","","https://waterdata.usgs.gov/monitoring-location/363418119384201"
"USGS","364024119464201","U.S. Geological Survey","014S020E34G001M","36.6732827732011","-119.779308881316","NAD83","Interpolated from map","Accurate to +/- 1 second","277","1","Feet","NGVD29","Interpolated from topographic map","+/- 2.5 ft","124","1","Feet","S100CNRLVL","Central Valley aquifer system","US","United States of America","06","California","019","Fresno County","WELL","UNCONFINED","1","Yes","1","Yes","0","No","0","No","","","","","","","https://waterdata.usgs.gov/monitoring-location/364024119464201"
"USGS","364645120005301","U.S. Geological Survey","013S018E21P001M","36.779025","-120.015541666667","NAD83","Global positioning system (GPS), Standard Positioning Service (SPS) or Precise Positioning Service (PPS) NOTE after October, 2014 only use for mapping grade GPS units and use new codes W,X,Y, or Z that indicate the quality of the GNSS survey.","Accurate to +/- .5 second (Precise Positioning Service (PLGR/PPS GPS))","244","1","Feet","NGVD29","Interpolated from topographic map","+/- 2.5 ft","180","1","Feet","S100CNRLVL","Central Valley aquifer system","US","United States of America","06","California","019","Fresno County","WELL","UNCONFINED","1","Yes","1","Yes","0","No","0","No","","","","","","","https://waterdata.usgs.gov/monitoring-location/364645120005301"
"USGS","364639120065001","U.S. Geological Survey","013S017E28A001M","36.7774277777778","-120.114708333333","NAD83","Global positioning system (GPS), Standard Positioning Service (SPS) or Precise Positioning Service (PPS) NOTE after October, 2014 only use for mapping grade GPS units and use new codes W,X,Y, or Z that indicate the quality of the GNSS survey.","Accurate to +/- .5 second (Precise Positioning Service (PLGR/PPS GPS))","215","1","Feet","NGVD29","Interpolated from topographic map","+/- 2.5 ft","180","1","Feet","S100CNRLVL","Central Valley aquifer system","US","United States of America","06","California","019","Fresno County","WELL","UNCONFINED","1","Yes","1","Yes","0","No","0","No","","","","","","","https://waterdata.usgs.gov/monitoring-location/364639120065001"
"USGS","364356119374001","U.S. Geological Survey","014S021E12A001M","36.7331555555556","-119.628819444444","NAD83","Global positioning system (GPS), Standard Positioning Service (SPS) or Precise Positioning Service (PPS) NOTE after October, 2014 only use for mapping grade GPS units and use new codes W,X,Y, or Z that indicate the quality of the GNSS survey.","Accurate to +/- .5 second (Precise Positioning Service (PLGR/PPS GPS))","343","1","Feet","NGVD29","Interpolated from topographic map","+/- 5 ft","100","1","Feet","S100CNRLVL","Central Valley aquifer system","US","United States of America","06","California","019","Fresno County","WELL","UNCONFINED","1","Yes","1","Yes","0","No","0","No","","","","","","","https://waterdata.usgs.gov/monitoring-location/364356119374001"
"USGS","364339119355001","U.S. Geological Survey","014S022E08K004M","36.7277222222222","-119.597472222222","NAD83","Global positioning system (GPS), Standard Positioning Service (SPS) or Precise Positioning Service (PPS) NOTE after October, 2014 only use for mapping grade GPS units and use new codes W,X,Y, or Z that indicate the quality of the GNSS survey.","Accurate to +/- .5 second (Precise Positioning Service (PLGR/PPS GPS))","356","1","Feet","NGVD29","Interpolated from topographic map","+/- 2.5 ft","125","1","Feet","S100CNRLVL","Central Valley aquifer system","US","United States of America","06","California","019","Fresno County","WELL","UNCONFINED","1","Yes","1","Yes","0","No","0","No","","","","","","","https://waterdata.usgs.gov/monitoring-location/364339119355001"
"USGS","364258119385601","U.S. Geological Survey","014S021E14H005M","36.7162222222222","-119.648888888889","NAD83","Global positioning system (GPS), Standard Positioning Service (SPS) or Precise Positioning Service (PPS) NOTE after October, 2014 only use for mapping grade GPS units and use new codes W,X,Y, or Z that indicate the quality of the GNSS survey.","Accurate to +/- .5 second (Precise Positioning Service (PLGR/PPS GPS))","331","1","Feet","NGVD29","Interpolated from topographic map","+/- 2.5 ft","132","1","Feet","S100CNRLVL","Central Valley aquifer system","US","United States of America","06","California","019","Fresno County","WELL","UNCONFINED","1","Yes","1","Yes","0","No","0","No","","","","","","","https://waterdata.usgs.gov/monitoring-location/364258119385601"
"USGS","364112119352701","U.S. Geological Survey","014S022E28E001M","36.6854388888889","-119.591738888889","NAD83","Global positioning system (GPS), Standard Positioning Service (SPS) or Precise Positioning Service (PPS) NOTE after October, 2014 only use for mapping grade GPS units and use new codes W,X,Y, or Z that indicate the quality of the GNSS survey.","Accurate to +/- .5 second (Precise Positioning Service (PLGR/PPS GPS))","345","1","Feet","NGVD29","Interpolated from topographic map","+/- 2.5 ft","75","1","Feet","S100CNRLVL","Central Valley aquifer system","US","United States of America","06","California","019","Fresno County","WELL","UNCONFINED","1","Yes","1","Yes","0","No","0","No","","","","","","","https://waterdata.usgs.gov/monitoring-location/364112119352701"
"USGS","363806119345301","U.S. Geological Survey","015S022E09Q004M","36.6349583333333","-119.581319444444","NAD83","Global positioning system (GPS), Standard Positioning Service (SPS) or Precise Positioning Service (PPS) NOTE after October, 2014 only use for mapping grade GPS units and use new codes W,X,Y, or Z that indicate the quality of the GNSS survey.","Accurate to +/- .5 second (Precise Positioning Service (PLGR/PPS GPS))","334","1","Feet","NGVD29","Interpolated from topographic map","+/- 2.5 ft","114","1","Feet","S100CNRLVL","Central Valley aquifer system","US","United States of America","06","California","019","Fresno County","WELL","UNCONFINED","1","Yes","1","Yes","0","No","0","No","","","","","","","https://waterdata.usgs.gov/monitoring-location/363806119345301"
"USGS","363316119473001","U.S. Geological Survey","016S020E09H001M","36.5546944444444","-119.791916666667","NAD83","Global positioning system (GPS), Standard Positioning Service (SPS) or Precise Positioning Service (PPS) NOTE after October, 2014 only use for mapping grade GPS units and use new codes W,X,Y, or Z that indicate the quality of the GNSS survey.","Accurate to +/- .5 second (Precise Positioning Service (PLGR/PPS GPS))","254","1","Feet","NGVD29","Interpolated from topographic map","+/- 2.5 ft","166","1","Feet","S100CNRLVL","Central Valley aquifer system","US","United States of America","06","California","019","Fresno County","WELL","UNCONFINED","1","Yes","1","Yes","0","No","0","No","","","","","","","https://waterdata.usgs.gov/monitoring-location/363316119473001"
"USGS","362921119335901","U.S. Geological Survey","016S022E34P001M","36.4892222222222","-119.566361111111","NAD83","Global positioning system (GPS), Standard Positioning Service (SPS) or Precise Positioning Service (PPS) NOTE after October, 2014 only use for mapping grade GPS units and use new codes W,X,Y, or Z that indicate the quality of the GNSS survey.","Accurate to +/- .5 second (Precise Positioning Service (PLGR/PPS GPS))","287","1","Feet","NGVD29","Interpolated from topographic map","+/- 2.5 ft","160","1","Feet","S100CNRLVL","Central Valley aquifer system","US","United States of America","06","California","107","Tulare County","WELL","UNCONFINED","1","Yes","1","Yes","0","No","0","No","","","","","","","https://waterdata.usgs.gov/monitoring-location/362921119335901"
"USGS","364312119592901","U.S. Geological Survey","014S018E15A001M","36.7199444444444","-119.991277777778","NAD83","Global positioning system (GPS), Standard Positioning Service (SPS) or Precise Positioning Service (PPS) NOTE after October, 2014 only use for mapping grade GPS units and use new codes W,X,Y, or Z that indicate the quality of the GNSS survey.","Accurate to +/- .5 second (Precise Positioning Service (PLGR/PPS GPS))","236","1","Feet","NGVD29","Interpolated from topographic map","+/- 2.5 ft","","1","Feet","S100CNRLVL","Central Valley aquifer system","US","United States of America","06","California","019","Fresno County","WELL","UNCONFINED","1","Yes","1","Yes","0","No","0","No","","","","","","","https://waterdata.usgs.gov/monitoring-location/364312119592901"
"USGS","363924119530401","U.S. Geological Survey","015S019E03G001M","36.6563611111111","-119.885463888889","NAD83","Global positioning system (GPS), Standard Positioning Service (SPS) or Precise Positioning Service (PPS) NOTE after October, 2014 only use for mapping grade GPS units and use new codes W,X,Y, or Z that indicate the quality of the GNSS survey.","Accurate to +/- .5 second (Precise Positioning Service (PLGR/PPS GPS))","242","1","Feet","NGVD29","Interpolated from topographic map","+/- 2.5 ft","165","1","Feet","S100CNRLVL","Central Valley aquifer system","US","United States of America","06","California","019","Fresno County","WELL","UNCONFINED","1","Yes","1","Yes","0","No","0","No","","","","","","","https://waterdata.usgs.gov/monitoring-location/363924119530401"
"USGS","361948119412201","U.S. Geological Survey","018S021E27N003M","36.3298722222222","-119.690452777778","NAD83","Global positioning system (GPS), Standard Positioning Service (SPS) or Precise Positioning Service (PPS) NOTE after October, 2014 only use for mapping grade GPS units and use new codes W,X,Y, or Z that indicate the quality of the GNSS survey.","Accurate to +/- .5 second (Precise Positioning Service (PLGR/PPS GPS))","65","1","Feet","NGVD29","Interpolated from topographic map","+/- 2.5 ft","60","1","Feet","S100CNRLVL","Central Valley aquifer system","US","United States of America","06","California","031","Kings County","WELL","UNCONFINED","1","Yes","1","Yes","0","No","0","No","","","","","","","https://waterdata.usgs.gov/monitoring-location/361948119412201"
"USGS","361726119241101","U.S. Geological Survey","019S024E07J001M","36.2906611111111","-119.403677777778","NAD83","Global positioning system (GPS), Standard Positioning Service (SPS) or Precise Positioning Service (PPS) NOTE after October, 2014 only use for mapping grade GPS units and use new codes W,X,Y, or Z that indicate the quality of the GNSS survey.","Accurate to +/- .5 second (Precise Positioning Service (PLGR/PPS GPS))","283","1","Feet","NGVD29","Interpolated from topographic map","+/- 2.5 ft","200","1","Feet","S100CNRLVL","Central Valley aquifer system","US","United States of America","06","California","107","Tulare County","WELL","UNCONFINED","1","Yes","1","Yes","0","No","0","No","","","","","","","https://waterdata.usgs.gov/monitoring-location/361726119241101"
"USGS","361519119433401","U.S. Geological Survey","019S021E19R001M","36.2553055555556","-119.727222222222","NAD83","Global positioning system (GPS), Standard Positioning Service (SPS) or Precise Positioning Service (PPS) NOTE after October, 2014 only use for mapping grade GPS units and use new codes W,X,Y, or Z that indicate the quality of the GNSS survey.","Accurate to +/- .5 second (Precise Positioning Service (PLGR/PPS GPS))","225","1","Feet","NGVD29","Interpolated from topographic map","+/- 2.5 ft","55","1","Feet","S100CNRLVL","Central Valley aquifer system","US","United States of America","06","California","031","Kings County","WELL","UNCONFINED","1","Yes","1","Yes","0","No","0","No","","","","","","","https://waterdata.usgs.gov/monitoring-location/361519119433401"
"USGS","364457119553501","U.S. Geological Survey","014S019E05C002M","36.7492222222222","-119.9265","NAD83","Global positioning system (GPS), Standard PositioningService (SPS) or Precise Positioning Service (PPS) NOTE after October, 2014 only use for mapping grade GPS units and use new codes W,X,Y, or Z that indicate the quality of the GNSS survey.","Accurate to +/- .5 second (Precise Positioning Service (PLGR/PPS GPS))","256","1","Feet","NGVD29","Interpolated from topographic map","+/- 2.5 ft","98","1","Feet","S100CNRLVL","Central Valley aquifer system","US","United States of America","06","California","019","Fresno County","WELL","UNCONFINED","1","Yes","1","Yes","0","No","0","No","","","","","","","https://waterdata.usgs.gov/monitoring-location/364457119553501"
"USGS","365220120052601","U.S. Geological Survey","012S017E22J001M","36.8722833333333","-120.092677777778","NAD83","Global positioning system (GPS), Standard Positioning Service (SPS) or Precise Positioning Service (PPS) NOTE after October, 2014 only use for mapping grade GPS units and use new codes W,X,Y, or Z that indicate the quality of the GNSS survey.","Accurate to +/- .5 second (Precise Positioning Service (PLGR/PPS GPS))","233","1","Feet","NGVD29","Interpolated from topographic map","+/- 2.5 ft","205","1","Feet","S100CNRLVL","Central Valley aquifer system","US","United States of America","06","California","039","Madera County","WELL","UNCONFINED","1","Yes","1","Yes","0","No","0","No","","","","","","","https://waterdata.usgs.gov/monitoring-location/365220120052601"
"USGS","365123120010801","U.S. Geological Survey","012S018E29J005M","36.8562388888889","-120.0204","NAD83","Global positioning system (GPS), Standard PositioningService (SPS) or Precise Positioning Service (PPS) NOTE after October, 2014 only use for mapping grade GPS units and use new codes W,X,Y, or Z that indicate the quality of the GNSS survey.","Accurate to +/- .5 second (Precise Positioning Service (PLGR/PPS GPS))","260","1","Feet","NGVD29","Interpolated from topographic map","+/- 2.5 ft","165","1","Feet","S100CNRLVL","Central Valley aquifer system","US","United States of America","06","California","039","Madera County","WELL","UNCONFINED","1","Yes","1","Yes","0","No","0","No","","","","","","","https://waterdata.usgs.gov/monitoring-location/365123120010801"
"USGS","363726119465201","U.S. Geological Survey","015S020E15L001M","36.6239388888889","-119.782083333333","NAD83","Global positioning system (GPS), Standard Positioning Service (SPS) or Precise Positioning Service (PPS) NOTE after October, 2014 only use for mapping grade GPS units and use new codes W,X,Y, or Z that indicate the quality of the GNSS survey.","Accurate to +/- .5 second (Precise Positioning Service (PLGR/PPS GPS))","271","1","Feet","NGVD29","Interpolated from topographic map","+/- 2.5 ft","120","1","Feet","S100CNRLVL","Central Valley aquifer system","US","United States of America","06","California","019","Fresno County","WELL","UNCONFINED","1","Yes","1","Yes","0","No","0","No","","","","","","","https://waterdata.usgs.gov/monitoring-location/363726119465201"
"USGS","363317119515001","U.S. Geological Survey","016S019E11H001M","36.5546711402969","-119.864864952715","NAD83","Interpolated from map","Accurate to +/- 1 second","235","1","Feet","NGVD29","Interpolated from topographic map","+/- 2.5 ft","233","1","Feet","S100CNRLVL","Central Valley aquifer system","US","United States of America","06","California","019","Fresno County","WELL","UNCONFINED","1","Yes","1","Yes","0","No","0","No","","","","","","","https://waterdata.usgs.gov/monitoring-location/363317119515001"
"USGS","363107119372201","U.S. Geological Survey","016S022E19P004M","36.5185616585146","-119.623742651536","NAD83","Interpolated from map","Accurate to +/- 1 second","284","1","Feet","NGVD29","Interpolated from topographic map","+/- 2.5 ft","128","1","Feet","S100CNRLVL","Central Valley aquifer system","US","United States of America","06","California","019","Fresno County","WELL","UNCONFINED","1","Yes","1","Yes","0","No","0","No","","","","","","","https://waterdata.usgs.gov/monitoring-location/363107119372201"
"USGS","363645119420901","U.S. Geological Survey","015S021E20J001M","36.6124501152215","-119.703470390024","NAD83","Interpolated from map","Accurate to +/- 1 second","293","1","Feet","NGVD29","Interpolated from topographic map","+/- 2.5 ft","120","1","Feet","S100CNRLVL","Central Valley aquifer system","US","United States of America","06","California","019","Fresno County","WELL","UNCONFINED","1","Yes","1","Yes","0","No","0","No","","","","","","","https://waterdata.usgs.gov/monitoring-location/363645119420901"
"USGS","364959119375201","U.S. Geological Survey","013S021E01G001M","36.8330055926378","-119.632082482354","NAD83","Interpolated from map","Accurate to +/- 1 second","400","1","Feet","NGVD29","Interpolated from topographic map","+/- 2.5 ft","120","1","Feet","S100CNRLVL","Central Valley aquifer system","US","United States of America","06","California","019","Fresno County","WELL","UNCONFINED","1","Yes","1","Yes","0","No","0","No","","","","","","","https://waterdata.usgs.gov/monitoring-location/364959119375201"
"USGS","363922119402003","U.S. Geological Survey","015S021E03L003M","36.6560612815271","-119.673192212164","NAD83","Interpolated from map","Accurate to +/- 1 second","313","1","Feet","NGVD29","Interpolated from topographic map","+/- 2.5 ft","87.75","1","Feet","S100CNRLVL","Central Valley aquifer system","US","United States of America","06","California","019","Fresno County","WELL","UNCONFINED","0","No","0","No","1","Yes","1","Yes","2","Suspected / Anticipated Changes","1","Surveillance","1","Dedicated Monitoring/Observation","https://waterdata.usgs.gov/monitoring-location/363922119402003"
"USGS","361422119431201","U.S. Geological Survey","019S021E32C001M","36.2394444444444","-119.72","NAD83","Global positioning system (GPS), Standard Positioning Service (SPS) or Precise Positioning Service (PPS) NOTE after October, 2014 only use for mapping grade GPS units and use new codes W,X,Y, or Z that indicate the quality of the GNSS survey.","Accurate to +/- .5 second (Precise Positioning Service (PLGR/PPS GPS))","218","1","Feet","NGVD29","Interpolated from topographic map","+/- 2.5 ft","73","1","Feet","S100CNRLVL","Central Valley aquifer system","US","United States of America","06","California","031","Kings County","WELL","UNCONFINED","0","No","0","No","1","Yes","1","Yes","2","Suspected / Anticipated Changes","1","Surveillance","2","Other","https://waterdata.usgs.gov/monitoring-location/361422119431201"
"USGS","363808119344901","U.S. Geological Survey","015S022E09Q002M","36.6352888888889","-119.581238888889","NAD83","Global positioning system (GPS), Standard Positioning Service (SPS) or Precise Positioning Service (PPS) NOTE after October, 2014 only use for mapping grade GPS units and use new codes W,X,Y, or Z that indicate the quality of the GNSS survey.","Accurate to +/- .5 second (Precise Positioning Service (PLGR/PPS GPS))","334","1","Feet","NGVD29","Interpolated from topographic map","+/- 2.5 ft","110","1","Feet","S100CNRLVL","Central Valley aquifer system","US","United States of America","06","California","019","Fresno County","WELL","UNCONFINED","0","No","0","No","1","Yes","1","Yes","2","Suspected / Anticipated Changes","1","Surveillance","1","Dedicated Monitoring/Observation","https://waterdata.usgs.gov/monitoring-location/363808119344901"
"USGS","363922119402002","U.S. Geological Survey","015S021E03L002M","36.6560612815271","-119.673192212164","NAD83","Interpolated from map","Accurate to +/- 1 second","313","1","Feet","NGVD29","Interpolated from topographic map","+/- 2.5 ft","136.6","1","Feet","S100CNRLVL","Central Valley aquifer system","US","United States of America","06","California","019","Fresno County","WELL","UNCONFINED","0","No","0","No","1","Yes","1","Yes","2","Suspected / Anticipated Changes","1","Surveillance","1","Dedicated Monitoring/Observation","https://waterdata.usgs.gov/monitoring-location/363922119402002"
"USGS","363922119402001","U.S. Geological Survey","015S021E03L001M","36.6560612815271","-119.673192212164","NAD83","Interpolated from map","Accurate to +/- 1 second","313","1","Feet","NGVD29","Interpolated from topographic map","+/- 2.5 ft","214.8","1","Feet","S100CNRLVL","Central Valley aquifer system","US","United States of America","06","California","019","Fresno County","WELL","","0","No","0","No","1","Yes","1","Yes","2","Suspected / Anticipated Changes","1","Surveillance","1","Dedicated Monitoring/Observation","https://waterdata.usgs.gov/monitoring-location/363922119402001"
"USGS","362417119533701","U.S. Geological Survey","017S019E34Q002M","36.4047555555556","-119.89445","NAD83","Global positioning system (GPS), Standard Positioning Service (SPS) or Precise Positioning Service (PPS) NOTE after October, 2014 only use for mapping grade GPS units and use new codes W,X,Y, or Z that indicate the quality of the GNSS survey.","Accurate to +/- .5 second (Precise Positioning Service (PLGR/PPS GPS))","212","1","Feet","NGVD29","Interpolated from topographic map","+/- 2.5 ft","200","1","Feet","S100CNRLVL","Central Valley aquifer system","US","United States of America","06","California","019","Fresno County","WELL","UNCONFINED","1","Yes","1","Yes","0","No","1","Yes","2","Suspected / Anticipated Changes","1","Surveillance","2","Other","https://waterdata.usgs.gov/monitoring-location/362417119533701"
"USGS","361852119350601","U.S. Geological Survey","018S022E33R001M","36.3145222222222","-119.585591666667","NAD83","Global positioning system (GPS), Standard Positioning Service (SPS) or Precise Positioning Service (PPS) NOTE after October, 2014 only use for mapping grade GPS units and use new codes W,X,Y, or Z that indicate the quality of the GNSS survey.","Accurate to +/- .5 second (Precise Positioning Service (PLGR/PPS GPS))","243","1","Feet","NGVD29","Interpolated from topographic map","+/- 2.5 ft","244","1","Feet","S100CNRLVL","Central Valley aquifer system","US","United States of America","06","California","031","Kings County","WELL","UNCONFINED","1","Yes","1","Yes","0","No","1","Yes","2","Suspected / Anticipated Changes","1","Surveillance","2","Other","https://waterdata.usgs.gov/monitoring-location/361852119350601"
"USGS","362525119450601","U.S. Geological Survey","017S020E25K001M","36.4232777777778","-119.752313888889","NAD83","Global positioning system (GPS), Standard Positioning Service (SPS) or Precise Positioning Service (PPS) NOTE after October, 2014 only use for mapping grade GPS units and use new codes W,X,Y, or Z that indicate the quality of the GNSS survey.","Accurate to +/- .5 second (Precise Positioning Service (PLGR/PPS GPS))","243","1","Feet","NGVD29","Interpolated from topographic map","+/- 2.5 ft","160","1","Feet","S100CNRLVL","Central Valley aquifer system","US","United States of America","06","California","019","Fresno County","WELL","UNCONFINED","1","Yes","1","Yes","0","No","1","Yes","2","Suspected / Anticipated Changes","1","Surveillance","2","Other","https://waterdata.usgs.gov/monitoring-location/362525119450601"
"USGS","361338119275501","U.S. Geological Survey","019S023E34P002M","36.2272194444444","-119.466058333333","NAD83","Global positioning system (GPS), Standard Positioning Service (SPS) or Precise Positioning Service (PPS) NOTE after October, 2014 only use for mapping grade GPS units and use new codes W,X,Y, or Z that indicate the quality of the GNSS survey.","Accurate to +/- .5 second (Precise Positioning Service (PLGR/PPS GPS))","255","1","Feet","NGVD29","Interpolated from topographic map","+/- 2.5 ft","182","1","Feet","S100CNRLVL","Central Valley aquifer system","US","United States of America","06","California","107","Tulare County","WELL","UNCONFINED","1","Yes","1","Yes","1","Yes","1","Yes","2","Suspected / Anticipated Changes","1","Surveillance","2","Other","https://waterdata.usgs.gov/monitoring-location/361338119275501"
"USGS","363928119401701","U.S. Geological Survey","015S021E03G001M","36.657727948882","-119.672358876399","NAD83","Interpolated from map","Accurate to +/- 1 second","310","1","Feet","NGVD29","Interpolated from topographic map","+/- 2.5 ft","150","1","Feet","S100CNRLVL","Central Valley aquifer system","US","United States of America","06","California","019","Fresno County","WELL","UNCONFINED","1","Yes","1","Yes","0","No","0","No","","","","","","","https://waterdata.usgs.gov/monitoring-location/363928119401701"
"USGS","363808119344902","U.S. Geological Survey","015S022E09Q003M","36.635225","-119.581230555556","NAD83","Global positioning system (GPS), Standard Positioning Service (SPS) or Precise Positioning Service (PPS) NOTE after October, 2014 only use for mapping grade GPS units and use new codes W,X,Y, or Z that indicate the quality of the GNSS survey.","Accurate to +/- .5 second (Precise Positioning Service (PLGR/PPS GPS))","334","1","Feet","NGVD29","Interpolated from topographic map","+/- 2.5 ft","68","1","Feet","S100CNRLVL","Central Valley aquifer system","US","United States of America","06","California","019","Fresno County","WELL","UNCONFINED","0","No","0","No","1","Yes","1","Yes","2","Suspected / Anticipated Changes","1","Surveillance","1","Dedicated Monitoring/Observation","https://waterdata.usgs.gov/monitoring-location/363808119344902"
"USGS","393630121455401","U.S. Geological Survey","020N002E08A001M","39.6081305555556","-121.765794444444","NAD83","Global positioning system (GPS), Standard Positioning Service (SPS) or Precise Positioning Service (PPS) NOTE after October, 2014 only use for mapping grade GPS units and use new codes W,X,Y, or Z that indicate the quality of the GNSS survey.","Accurate to +/- .5 second (Precise Positioning Service (PLGR/PPS GPS))","136","1","Feet","NGVD29","Interpolated from topographic map","+/- 2.5 ft","35","1","Feet","S100CNRLVL","Central Valley aquifer system","US","United States of America","06","California","007","Butte County","WELL","UNCONFINED","1","Yes","1","Yes","0","No","0","No","","","","","","","https://waterdata.usgs.gov/monitoring-location/393630121455401"
"USGS","393353122013501","U.S. Geological Survey","020N002W25A001M","39.5645861111111","-122.027594444444","NAD83","Global positioning system (GPS), Standard Positioning Service (SPS) or Precise Positioning Service (PPS) NOTE after October, 2014 only use for mapping grade GPS units and use new codes W,X,Y, or Z that indicate the quality of the GNSS survey.","Accurate to +/- .5 second (Precise Positioning Service (PLGR/PPS GPS))","96","1","Feet","NGVD29","Interpolated from topographic map","+/- 2.5 ft","35","1","Feet","S100CNRLVL","Central Valley aquifer system","US","United States of America","06","California","021","Glenn County","WELL","UNCONFINED","1","Yes","1","Yes","0","No","0","No","","","","","","","https://waterdata.usgs.gov/monitoring-location/393353122013501"
"USGS","393235122055301","U.S. Geological Survey","020N002W32J001M","39.5429222222222","-122.099116666667","NAD83","Global positioning system (GPS), Standard Positioning Service (SPS) or Precise Positioning Service (PPS) NOTE after October, 2014 only use for mapping grade GPS units and use new codes W,X,Y, or Z that indicate the quality of the GNSS survey.","Accurate to +/- .5 second (Precise Positioning Service (PLGR/PPS GPS))","108","1","Feet","NGVD29","Interpolated from topographic map","+/- 2.5 ft","35","1","Feet","S100CNRLVL","Central Valley aquifer system","US","United States of America","06","California","021","Glenn County","WELL","UNCONFINED","1","Yes","1","Yes","0","No","0","No","","","","","","","https://waterdata.usgs.gov/monitoring-location/393235122055301"
"USGS","393230121422201","U.S. Geological Survey","020N002E35J002M","39.5416527777778","-121.707744444444","NAD83","Global positioning system (GPS), Standard Positioning Service (SPS) or Precise Positioning Service (PPS) NOTE after October, 2014 only use for mapping grade GPS units and use new codes W,X,Y, or Z that indicate the quality of the GNSS survey.","Accurate to +/- .5 second (Precise Positioning Service (PLGR/PPS GPS))","124","1","Feet","NGVD29","Interpolated from topographic map","+/- 2.5 ft","35","1","Feet","S100CNRLVL","Central Valley aquifer system","US","United States of America","06","California","007","Butte County","WELL","UNCONFINED","1","Yes","1","Yes","0","No","0","No","","","","","","","https://waterdata.usgs.gov/monitoring-location/393230121422201"
"USGS","392931122031701","U.S. Geological Survey","019N002W23E001M","39.4915972222222","-122.055836111111","NAD83","Global positioning system (GPS), Standard Positioning Service (SPS) or Precise Positioning Service (PPS) NOTE after October, 2014 only use for mapping grade GPS units and use new codes W,X,Y, or Z that indicate the quality of the GNSS survey.","Accurate to +/- .5 second (Precise Positioning Service (PLGR/PPS GPS))","80","1","Feet","NGVD29","Interpolated from topographic map","+/- 2.5 ft","35.5","1","Feet","S100CNRLVL","Central Valley aquifer system","US","United States of America","06","California","021","Glenn County","WELL","UNCONFINED","1","Yes","1","Yes","0","No","0","No","","","","","","","https://waterdata.usgs.gov/monitoring-location/392931122031701"
"USGS","392924121504801","U.S. Geological Survey","019N001E22B001M","39.4902611111111","-121.847602777778","NAD83","Global positioning system (GPS), Standard Positioning Service (SPS) or Precise Positioning Service (PPS) NOTE after October, 2014 only use for mapping grade GPS units and use new codes W,X,Y, or Z that indicate the quality of the GNSS survey.","Accurate to +/- .5 second (Precise Positioning Service (PLGR/PPS GPS))","86","1","Feet","NGVD29","Interpolated from topographic map","+/- 2.5 ft","35","1","Feet","S100CNRLVL","Central Valley aquifer system","US","United States of America","06","California","007","Butte County","WELL","UNCONFINED","1","Yes","1","Yes","0","No","0","No","","","","","","","https://waterdata.usgs.gov/monitoring-location/392924121504801"
"USGS","392824122091401","U.S. Geological Survey","019N003W25E001M","39.4729888888889","-122.164283333333","NAD83","Global positioning system (GPS), Standard Positioning Service (SPS) or Precise Positioning Service (PPS) NOTE after October, 2014 only use for mapping grade GPS units and use new codes W,X,Y, or Z that indicate the quality of the GNSS survey.","Accurate to +/- .5 second (Precise Positioning Service (PLGR/PPS GPS))","98","1","Feet","NGVD29","Interpolated from topographic map","+/- 2.5 ft","35","1","Feet","S100CNRLVL","Central Valley aquifer system","US","United States of America","06","California","021","Glenn County","WELL","UNCONFINED","1","Yes","1","Yes","0","No","0","No","","","","","","","https://waterdata.usgs.gov/monitoring-location/392824122091401"
"USGS","392545122015201","U.S. Geological Survey","018N002W12G002M","39.4290027777778","-122.032369444444","NAD83","Global positioning system (GPS), Standard Positioning Service (SPS) or Precise Positioning Service (PPS) NOTE after October, 2014 only use for mapping grade GPS units and use new codes W,X,Y, or Z that indicate the quality of the GNSS survey.","Accurate to +/- .5 second (Precise Positioning Service (PLGR/PPS GPS))","78","1","Feet","NGVD29","Interpolated from topographic map","+/- 2.5 ft","35","1","Feet","S100CNRLVL","Central Valley aquifer system","US","United States of America","06","California","021","Glenn County","WELL","UNCONFINED","1","Yes","1","Yes","0","No","0","No","","","","","","","https://waterdata.usgs.gov/monitoring-location/392545122015201"
"USGS","392542121452501","U.S. Geological Survey","018N002E09L001M","39.4265","-121.761655555556","NAD83","Global positioning system (GPS), Standard PositioningService (SPS) or Precise Positioning Service (PPS) NOTE after October, 2014 only use for mapping grade GPS units and use new codes W,X,Y, or Z that indicate the quality of the GNSS survey.","Accurate to +/- .5 second (Precise Positioning Service (PLGR/PPS GPS))","86","1","Feet","NGVD29","Interpolated from topographic map","+/- 2.5 ft","35","1","Feet","S100CNRLVL","Central Valley aquifer system","US","United States of America","06","California","007","Butte County","WELL","UNCONFINED","1","Yes","1","Yes","0","No","0","No","","","","","","","https://waterdata.usgs.gov/monitoring-location/392542121452501"
"USGS","392328121571501","U.S. Geological Survey","018N001W27B001M","39.3909722222222","-121.955308333333","NAD83","Global positioning system (GPS), Standard Positioning Service (SPS) or Precise Positioning Service (PPS) NOTE after October, 2014 only use for mapping grade GPS units and use new codes W,X,Y, or Z that indicate the quality of the GNSS survey.","Accurate to +/- .5 second (Precise Positioning Service (PLGR/PPS GPS))","68","1","Feet","NGVD29","Interpolated from topographic map","+/- 2.5 ft","33.5","1","Feet","S100CNRLVL","Central Valley aquifer system","US","United States of America","06","California","021","Glenn County","WELL","UNCONFINED","1","Yes","1","Yes","0","No","0","No","","","","","","","https://waterdata.usgs.gov/monitoring-location/392328121571501"
"USGS","391947122094501","U.S. Geological Survey","017N002W14G002M","39.3295388888889","-122.163561111111","NAD83","Global positioning system (GPS), Standard Positioning Service (SPS) or Precise Positioning Service (PPS) NOTE after October, 2014 only use for mapping grade GPS units and use new codes W,X,Y, or Z that indicate the quality of the GNSS survey.","Accurate to +/- .5 second (Precise Positioning Service (PLGR/PPS GPS))","80","1","Feet","NGVD29","Interpolated from topographic map","+/- 2.5 ft","35","1","Feet","S100CNRLVL","Central Valley aquifer system","US","United States of America","06","California","011","Colusa County","WELL","UNCONFINED","1","Yes","1","Yes","0","No","0","No","","","","","","","https://waterdata.usgs.gov/monitoring-location/391947122094501"
"USGS","391653122101401","U.S. Geological Survey","017N003W35M001M","39.2817944444444","-122.171897222222","NAD83","Global positioning system (GPS), Standard Positioning Service (SPS) or Precise Positioning Service (PPS) NOTE after October, 2014 only use for mapping grade GPS units and use new codes W,X,Y, or Z that indicate the quality of the GNSS survey.","Accurate to +/- .5 second (Precise Positioning Service (PLGR/PPS GPS))","74","1","Feet","NGVD29","Interpolated from topographic map","+/- 2.5 ft","35","1","Feet","S100CNRLVL","Central Valley aquifer system","US","United States of America","06","California","011","Colusa County","WELL","UNCONFINED","1","Yes","1","Yes","0","No","0","No","","","","","","","https://waterdata.usgs.gov/monitoring-location/391653122101401"
"USGS","391059122043601","U.S. Geological Survey","015N002W03E001M","39.1831666666667","-122.078083333333","NAD83","Global positioning system (GPS), Standard Positioning Service (SPS) or Precise Positioning Service (PPS) NOTE after October, 2014 only use for mapping grade GPS units and use new codes W,X,Y, or Z that indicate the quality of the GNSS survey.","Accurate to +/- .5 second (Precise Positioning Service (PLGR/PPS GPS))","49","1","Feet","NGVD29","Interpolated from topographic map","+/- 2.5 ft","35","1","Feet","S100CNRLVL","Central Valley aquifer system","US","United States of America","06","California","011","Colusa County","WELL","UNCONFINED","1","Yes","1","Yes","0","No","0","No","","","","","","","https://waterdata.usgs.gov/monitoring-location/391059122043601"
"USGS","392810122080901","U.S. Geological Survey","019N003W25R001M","39.4707972222222","-122.136863888889","NAD83","Global positioning system (GPS), Standard Positioning Service (SPS) or Precise Positioning Service (PPS) NOTE after October, 2014 only use for mapping grade GPS units and use new codes W,X,Y, or Z that indicate the quality of the GNSS survey.","Accurate to +/- .5 second (Precise Positioning Service (PLGR/PPS GPS))","97","1","Feet","NGVD29","Interpolated from topographic map","+/- 2.5 ft","38.5","1","Feet","S100CNRLVL","Central Valley aquifer system","US","United States of America","06","California","021","Glenn County","WELL","UNCONFINED","1","Yes","1","Yes","1","Yes","1","Yes","2","Suspected / Anticipated Changes","1","Surveillance","1","Dedicated Monitoring/Observation","https://waterdata.usgs.gov/monitoring-location/392810122080901"
"USGS","390832121463601","U.S. Geological Survey","015N002E20D001M","39.1424138888889","-121.777438888889","NAD83","Global positioning system (GPS), Standard Positioning Service (SPS) or Precise Positioning Service (PPS) NOTE after October, 2014 only use for mapping grade GPS units and use new codes W,X,Y, or Z that indicate the quality of the GNSS survey.","Accurate to +/- .5 second (Precise Positioning Service (PLGR/PPS GPS))","41","1","Feet","NGVD29","Interpolated from topographic map","+/- 2.5 ft","35","1","Feet","S100CNRLVL","Central Valley aquifer system","US","United States of America","06","California","101","Sutter County","WELL","UNCONFINED","1","Yes","1","Yes","1","Yes","1","Yes","2","Suspected / Anticipated Changes","1","Surveillance","1","Dedicated Monitoring/Observation","https://waterdata.usgs.gov/monitoring-location/390832121463601"
"USGS","390856122044301","U.S. Geological Survey","015N002W16R001M","39.1483472222222","-122.079272222222","NAD83","Global positioning system (GPS), Standard Positioning Service (SPS) or Precise Positioning Service (PPS) NOTE after October, 2014 only use for mapping grade GPS units and use new codes W,X,Y, or Z that indicate the quality of the GNSS survey.","Accurate to +/- .5 second (Precise Positioning Service (PLGR/PPS GPS))","55","1","Feet","NGVD29","Interpolated from topographic map","+/- 2.5 ft","35","1","Feet","S100CNRLVL","Central Valley aquifer system","US","United States of America","06","California","011","Colusa County","WELL","UNCONFINED","1","Yes","1","Yes","1","Yes","1","Yes","2","Suspected / Anticipated Changes","1","Surveillance","1","Dedicated Monitoring/Observation","https://waterdata.usgs.gov/monitoring-location/390856122044301"
"USGS","392604121531801","U.S. Geological Survey","018N001E08D001M","39.4348416666667","-121.888377777778","NAD83","Global positioning system (GPS), Standard Positioning Service (SPS) or Precise Positioning Service (PPS) NOTE after October, 2014 only use for mapping grade GPS units and use new codes W,X,Y, or Z that indicate the quality of the GNSS survey.","Accurate to +/- .5 second (Precise Positioning Service (PLGR/PPS GPS))","72","1","Feet","NGVD29","Interpolated from topographic map","+/- 2.5 ft","38.5","1","Feet","S100CNRLVL","Central Valley aquifer system","US","United States of America","06","California","021","Glenn County","WELL","UNCONFINED","1","Yes","1","Yes","1","Yes","1","Yes","2","Suspected / Anticipated Changes","1","Surveillance","1","Dedicated Monitoring/Observation","https://waterdata.usgs.gov/monitoring-location/392604121531801"
"WRDSOCAL","100005","Water Replenishment District of Southern California","HuntingtonPark1_1 002S013W22C001S","33.98801","-118.23702","NAD83","Trimble Level 3 Static GPS","0.1 m","179.44","1","Feet","NAVD88","Trimble Level 3 Static GPS","0.01m","910","1","Feet","N100CACSTL","California Coastal Basin aquifers","US","United States of America","06","California","037","Los Angeles County","WELL","CONFINED","1","Yes","1","Yes","1","Yes","1","Yes","3","Known Changes","2","Trend","1","Dedicated Monitoring/Observation",""
"WRDSOCAL","100067","Water Replenishment District of Southern California","RioHondo1_4 002S012W26D012S","33.97482","-118.11544","NAD83","Trimble Level 3 Static GPS","0.1 m","146.51","1","Feet","NAVD88","Trimble Level 3 Static GPS","0.01m","450","1","Feet","N100CACSTL","California Coastal Basin aquifers","US","United States of America","06","California","037","Los Angeles County","WELL","UNCONFINED","1","Yes","1","Yes","1","Yes","1","Yes","3","Known Changes","2","Trend","1","Dedicated Monitoring/Observation",""
"WRDSOCAL","100017","Water Replenishment District of Southern California","Willowbrook1_2 003S013W08J002S","33.92342","-118.25659","NAD83","Trimble Level 3 Static GPS","0.1 m","98.87","1","Feet","NAVD88","Trimble Level 3 Static GPS","0.01m","520","1","Feet","N100CACSTL","California Coastal Basin aquifers","US","United States of America","06","California","037","Los Angeles County","WELL","CONFINED","1","Yes","1","Yes","1","Yes","1","Yes","3","Known Changes","2","Trend","1","Dedicated Monitoring/Observation",""
"WRDSOCAL","100012","Water Replenishment District of Southern California","Downey1_3 003S012W09J003S","33.92131","-118.13799","NAD83","Trimble Level 3 Static GPS","0.1 m","99.39","1","Feet","NAVD88","Trimble Level 3 Static GPS","0.01m","600","1","Feet","N100CACSTL","California Coastal Basin aquifers","US","United States of America","06","California","037","Los Angeles County","WELL","CONFINED","1","Yes","1","Yes","1","Yes","1","Yes","3","Known Changes","2","Trend","1","Dedicated Monitoring/Observation",""
"WRDSOCAL","100871","Water Replenishment District of Southern California","Cerritos1_2 004S011W05P010S","33.84724","-118.05874","NAD83","Trimble Level 3 Static GPS","0.1 m","43.1","1","Feet","NAVD88","Trimble Level 3 Static GPS","0.01m","1020","1","Feet","N100CACSTL","California Coastal Basin aquifers","US","United States of America","06","California","037","Los Angeles County","WELL","CONFINED","1","Yes","1","Yes","1","Yes","1","Yes","3","Known Changes","2","Trend","1","Dedicated Monitoring/Observation",""
"WRDSOCAL","101738","Water Replenishment District of Southern California","Whittier1_4 003S011W02K006S","33.936","-118.00017","NAD83","Trimble Level 3 Static GPS","0.1 m","217.35","1","Feet","NAVD88","Trimble Level 3 Static GPS","0.01m","470","1","Feet","N100CACSTL","California Coastal Basin aquifers","US","United States of America","06","California","037","Los Angeles County","WELL","CONFINED","1","Yes","1","Yes","1","Yes","1","Yes","1","Background","2","Trend","1","Dedicated Monitoring/Observation",""
"WRDSOCAL","100039","Water Replenishment District of Southern California","PM-4 Mariner_2 004S014W04Q002S","33.84976","-118.34967","NAD83","Trimble Level 3 Static GPS","0.1 m","100.38","1","Feet","NAVD88","Trimble Level 3 Static GPS","0.01m","550","1","Feet","N100CACSTL","California Coastal Basin aquifers","US","United States of America","06","California","037","Los Angeles County","WELL","CONFINED","1","Yes","1","Yes","1","Yes","1","Yes","3","Known Changes","2","Trend","1","Dedicated Monitoring/Observation",""
"WRDSOCAL","101806","Water Replenishment District of Southern California","Gardena2_3 003S014W25K009S","33.87652","-118.29991","NAD83","Trimble Level 3 Static GPS","0.1 m","29.45","1","Feet","NAVD88","Trimble Level 3 Static GPS","0.01m","630","1","Feet","N100CACSTL","California Coastal Basin aquifers","US","United States of America","06","California","037","Los Angeles County","WELL","CONFINED","1","Yes","1","Yes","1","Yes","1","Yes","3","Known Changes","2","Trend","1","Dedicated Monitoring/Observation",""
"WRDSOCAL","100077","Water Replenishment District of Southern California","Wilmington2_3 004S013W32F003S","33.78233","-118.26767","NAD83","Trimble Level 3 Static GPS","0.1 m","32.3","1","Feet","NAVD88","Trimble Level 3 Static GPS","0.01m","560","1","Feet","N100CACSTL","California Coastal Basin aquifers","US","United States of America","06","California","037","Los Angeles County","WELL","CONFINED","1","Yes","1","Yes","1","Yes","1","Yes","3","Known Changes","2","Trend","1","Dedicated Monitoring/Observation",""
"WRDSOCAL","101815","Water Replenishment District of Southern California","Norwalk1_2 003S011W17F002S","33.91195","-118.05541","NAD83","Trimble Level 3 Static GPS","0.1 m","96.18","1","Feet","NAVD88","Trimble Level 3 Static GPS","0.01m","1010","1","Feet","N100CACSTL","California Coastal Basin aquifers","US","United States of America","06","California","037","Los Angeles County","WELL","CONFINED","1","Yes","1","Yes","1","Yes","1","Yes","3","Known Changes","2","Trend","1","Dedicated Monitoring/Observation",""
"WRDSOCAL","100890","Water Replenishment District of Southern California","Hawthorne1_4 003S014W17G006S","33.91175","-118.36618","NAD83","Trimble Level 3 Static GPS","0.1 m","88.98","1","Feet","NAVD88","Trimble Level 3 Static GPS","0.01m","420","1","Feet","N100CACSTL","California Coastal Basin aquifers","US","United States of America","06","California","037","Los Angeles County","WELL","CONFINED","1","Yes","1","Yes","1","Yes","1","Yes","3","Known Changes","2","Trend","1","Dedicated Monitoring/Observation",""
"WRDSOCAL","101742","Water Replenishment District of Southern California","LongBeach2_3 004S013W01N005S","33.85009","-118.20109","NAD83","Trimble Level 3 Static GPS","0.1 m","44.2","1","Feet","NAVD88","Trimble Level 3 Static GPS","0.01m","470","1","Feet","N100CACSTL","California Coastal Basin aquifers","US","United States of America","06","California","037","Los Angeles County","WELL","CONFINED","1","Yes","1","Yes","1","Yes","1","Yes","3","Known Changes","2","Trend","1","Dedicated Monitoring/Observation",""
"WRDSOCAL","101795","Water Replenishment District of Southern California","LongBeach6_4 004S012W21M011S","33.81044","-118.14916","NAD83","Trimble Level 3 Static GPS","0.1 m","34.47","1","Feet","NAVD88","Trimble Level 3 Static GPS","0.01m","500","1","Feet","N100CACSTL","California Coastal Basin aquifers","US","United States of America","06","California","037","Los Angeles County","WELL","CONFINED","1","Yes","1","Yes","1","Yes","1","Yes","3","Known Changes","2","Trend","1","Dedicated Monitoring/Observation",""
"WRDSOCAL","102073","Water Replenishment District of Southern California","LosAngeles3_5 002S014W12E005S","34.01286","-118.30762","NAD83","Trimble Level 3 Static GPS","0.1 m","145.71","1","Feet","NAVD88","Trimble Level 3 Static GPS","0.01m","350","1","Feet","N100CACSTL","California Coastal Basin aquifers","US","United States of America","06","California","037","Los Angeles County","WELL","CONFINED","1","Yes","1","Yes","1","Yes","1","Yes","3","Known Changes","2","Trend","1","Dedicated Monitoring/Observation",""
"WRDSOCAL","100093","Water Replenishment District of Southern California","Inglewood1_3 002S014W28M005S","33.96696","-118.35967","NAD83","Trimble Level 3 Static GPS","0.1 m","112.82","1","Feet","NAVD88","Trimble Level 3 Static GPS","0.01m","450","1","Feet","N100CACSTL","California Coastal Basin aquifers","US","United States of America","06","California","037","Los Angeles County","WELL","CONFINED","1","Yes","1","Yes","1","Yes","1","Yes","3","Known Changes","2","Trend","1","Dedicated Monitoring/Observation",""
"WRDSOCAL","101773","Water Replenishment District of Southern California","Montebello1_4 002S012W10Q008S","34.00788","-118.12209","NAD83","Trimble Level 3 Static GPS","0.1 m","193.11","1","Feet","NAVD88","Trimble Level 3 Static GPS","0.01m","390","1","Feet","N100CACSTL","California Coastal Basin aquifers","US","United States of America","06","California","037","Los Angeles County","WELL","UNCONFINED","1","Yes","1","Yes","1","Yes","1","Yes","3","Known Changes","2","Trend","1","Dedicated Monitoring/Observation",""
"WRDSOCAL","103080","Water Replenishment District of Southern California","Montebello2_1 002S012W12C001S","34.01653","-118.09158","NAD83","Trimble Level 3 Static GPS","0.1 m","182.95","1","Feet","NAVD88","Trimble Level 3 Static GPS","0.01 m","780","1","Feet","N100CACSTL","California Coastal Basin aquifers","US","United States of America","06","California","037","Los Angeles County","WELL","CONFINED","1","Yes","1","Yes","1","Yes","1","Yes","3","Known Changes","2","Trend","1","Dedicated Monitoring/Observation",""
"WRDSOCAL","103081","Water Replenishment District of Southern California","Montebello2_2 002S012W12C002S","34.01653","-118.09158","NAD83","Trimble Level 3 Static GPS","0.1 m","182.95","1","Feet","NAVD88","Trimble Level 3 Static GPS","0.01 m","435","1","Feet","N100CACSTL","California Coastal Basin aquifers","US","United States of America","06","California","037","Los Angeles County","WELL","UNCONFINED","1","Yes","1","Yes","1","Yes","1","Yes","3","Known Changes","2","Trend","1","Dedicated Monitoring/Observation",""
"WRDSOCAL","103082","Water Replenishment District of Southern California","Montebello2_3 002S012W12C003S","34.01653","-118.09158","NAD83","Trimble Level 3 Static GPS","0.1 m","182.95","1","Feet","NAVD88","Trimble Level 3 Static GPS","0.01 m","260","1","Feet","N100CACSTL","California Coastal Basin aquifers","US","United States of America","06","California","037","Los Angeles County","WELL","UNCONFINED","1","Yes","1","Yes","1","Yes","1","Yes","3","Known Changes","2","Trend","1","Dedicated Monitoring/Observation",""
"WRDSOCAL","103083","Water Replenishment District of Southern California","Montebello2_4 002S012W12C004S","34.01653","-118.09158","NAD83","Trimble Level 3 Static GPS","0.1 m","182.95","1","Feet","NAVD88","Trimble Level 3 Static GPS","0.01 m","200","1","Feet","N100CACSTL","California Coastal Basin aquifers","US","United States of America","06","California","037","Los Angeles County","WELL","UNCONFINED","1","Yes","1","Yes","1","Yes","1","Yes","3","Known Changes","2","Trend","1","Dedicated Monitoring/Observation",""
"WRDSOCAL","103084","Water Replenishment District of Southern California","Montebello2_5 002S012W12C005S","34.01653","-118.09158","NAD83","Trimble Level 3 Static GPS","0.1 m","182.95","1","Feet","NAVD88","Trimble Level 3 Static GPS","0.01 m","115","1","Feet","N100CACSTL","California Coastal Basin aquifers","US","United States of America","06","California","037","Los Angeles County","WELL","UNCONFINED","1","Yes","1","Yes","1","Yes","1","Yes","3","Known Changes","2","Trend","1","Dedicated Monitoring/Observation",""
"WRDSOCAL","100031","Water Replenishment District of Southern California","Carson1_2 004S013W09H010S","33.8375","-118.2411","NAD83","Trimble Level 3 Static GPS","0.1 m","26.86","1","Feet","NAVD88","Trimble Level 3 Static GPS","0.01 m","760","1","Feet","N100CACSTL","California Coastal Basin aquifers","US","United States of America","06","California","037","Los Angeles County","WELL","CONFINED","1","Yes","1","Yes","1","Yes","1","Yes","3","Known Changes","2","Trend","1","Dedicated Monitoring/Observation",""
