"AgencyCd","SiteNo","AgencyNm","SiteName","DecLatVa","DecLongVa","HorzDatum","HorzMethod","HorzAcy","AltVa","AltUnits","AltUnitsNm","AltDatumCd","AltMethod","AltAcy","WellDepth","WellDepthUnits","WellDepthUnitsNm","NatAquiferCd","NatAqfrDesc","CountryCd","CountryNm","StateCd","StateNm","CountyCd","CountyNm","LocalAquiferName","SiteType","AquiferType","QwSnFlag","QwSnDesc","QwBaselineFlag","QwBaselineDesc","WlSysName","WlSnFlag","WlSnDesc","WlBaselineFlag","WlBaselineDesc","WlWellChars","WlWellCharsDesc","WlWellType","WlWellTypeDesc","WlWellPurpose","WlWellPurposeDesc","Link"
"CODWR","152905","Colorado Division of Water Resources","NHP-AR-128","39.260112","-103.190833","NAD83","GPS","10 m","5155","1","Feet","NAVD88","USGS NED 10-meter DEM","1 m","80","1","Feet","N100HGHPLN","High Plains aquifer","US","United States of America","08","Colorado","071","Las Animas County","Ogallala","WELL","UNCONFINED","0","No","0","No","CO DWR HydroBase","1","Yes","1","Yes","3","Known Changes","1","Surveillance","2","Other","https://dwr.state.co.us/Tools/GroundWater/WaterLevels/152905"
"CODWR","784","Colorado Division of Water Resources","NHP-AR-132","39.28773","-103.494953","NAD83","GPS","10 m","5572.62","1","Feet","NAVD88","USGS NED 1-meter DEM","1 m","80","1","Feet","N100HGHPLN","High Plains aquifer","US","United States of America","08","Colorado","073","Lincoln County","OGALLALA","WELL","UNCONFINED","0","No","0","No","CO DWR HydroBase","1","Yes","1","Yes","3","Known Changes","1","Surveillance","2","Other","https://dwr.state.co.us/Tools/GroundWater/Well/784"
"CODWR","745","Colorado Division of Water Resources","NHP-AR-093","39.615814","-103.27476","NAD83","GPS","10 m","5021.43","1","Feet","NAVD88","USGS NED 1-meter DEM","1 m","125","1","Feet","N100HGHPLN","High Plains aquifer","US","United States of America","08","Colorado","121","Washington County","OGALLALA","WELL","UNCONFINED","0","No","0","No","CO DWR HydroBase","1","Yes","1","Yes","3","Known Changes","1","Surveillance","2","Other","https://dwr.state.co.us/Tools/GroundWater/Well/745"
"CODWR","954","Colorado Division of Water Resources","NHP-PL-197","39.127773","-103.099943","NAD83","User supplied","15 m","5087.29","1","Feet","NAVD88","Original database","1 m","63","1","Feet","N100HGHPLN","High Plains aquifer","US","United States of America","08","Colorado","063","Kit Carson County","OGALLALA","WELL","UNCONFINED","0","No","0","No","CO DWR HydroBase","1","Yes","1","Yes","3","Known Changes","1","Surveillance","2","Other","https://dwr.state.co.us/Tools/GroundWater/Well/954"
"CODWR","149879","Colorado Division of Water Resources","NHP-AR-116","39.446702","-103.084899","NAD83","GPS","10 m","4872","1","Feet","NAVD88","USGS NED 10-meter DEM","1 m","189","1","Feet","N100HGHPLN","High Plains aquifer","US","United States of America","08","Colorado","063","Kit Carson County","OGALLALA","WELL","UNCONFINED","0","No","0","No","CO DWR HydroBase","1","Yes","1","Yes","3","Known Changes","1","Surveillance","2","Other","https://dwr.state.co.us/Tools/GroundWater/Well/149879"
"CODWR","149880","Colorado Division of Water Resources","NHP-AR-118","39.433532","-103.360923","NAD83","GPS","10 m","5193.68","1","Feet","NAVD88","Original database","1 m","146","1","Feet","N100HGHPLN","High Plains aquifer","US","United States of America","08","Colorado","073","Lincoln County","OGALLALA","WELL","UNCONFINED","0","No","0","No","CO DWR HydroBase","1","Yes","1","Yes","3","Known Changes","1","Surveillance","2","Other","https://dwr.state.co.us/Tools/GroundWater/Well/149880"
"CODWR","783","Colorado Division of Water Resources","NHP-AR-129","39.259398","-103.379207","NAD83","GPS","10 m","5422.53","1","Feet","NAVD88","Original database","1 m","89","1","Feet","N100HGHPLN","High Plains aquifer","US","United States of America","08","Colorado","073","Lincoln County","OGALLALA","WELL","UNCONFINED","0","No","0","No","CO DWR HydroBase","1","Yes","1","Yes","3","Known Changes","1","Surveillance","2","Other","https://dwr.state.co.us/Tools/GroundWater/Well/783"
"CODWR","699","Colorado Division of Water Resources","NHP-AR-041","39.659954","-103.021792","NAD83","GPS","10 m","4632.2","1","Feet","NAVD88","USGS NED 10-meter DEM","1 m","67","1","Feet","N100HGHPLN","High Plains aquifer","US","United States of America","08","Colorado","121","Washington County","OGALLALA","WELL","UNCONFINED","0","No","0","No","CO DWR HydroBase","1","Yes","1","Yes","3","Known Changes","1","Surveillance","2","Other","https://dwr.state.co.us/Tools/GroundWater/Well/699"
"CODWR","701","Colorado Division of Water Resources","NHP-AR-043","39.665899","-103.179229","NAD83","GPS","10 m","4844.37","1","Feet","NAVD88","USGS NED 1-meter DEM","1 m","120","1","Feet","N100HGHPLN","High Plains aquifer","US","United States of America","08","Colorado","121","Washington County","OGALLALA","WELL","UNCONFINED","0","No","0","No","CO DWR HydroBase","1","Yes","1","Yes","3","Known Changes","1","Surveillance","2","Other","https://dwr.state.co.us/Tools/GroundWater/Well/701"
"CODWR","152885","Colorado Division of Water Resources","NHP-AR-136","39.418016","-103.033111","NAD83","GPS","10 m","4828","1","Feet","NAVD88","USGS NED 10-meter DEM","1 m","190","1","Feet","N100HGHPLN","High Plains aquifer","US","United States of America","08","Colorado","063","Kit Carson County","OGALLALA","WELL","UNCONFINED","0","No","0","No","CO DWR HydroBase","1","Yes","1","Yes","3","Known Changes","1","Surveillance","2","Other","https://dwr.state.co.us/Tools/GroundWater/Well/152885"
"CODWR","759","Colorado Division of Water Resources","NHP-AR-106","39.489341","-103.034486","NAD83","GPS","10 m","4765.19","1","Feet","NAVD88","USGS NED 10-meter DEM","1 m","201","1","Feet","N100HGHPLN","High Plains aquifer","US","United States of America","08","Colorado","063","Kit Carson County","OGALLALA","WELL","UNCONFINED","0","No","0","No","CO DWR HydroBase","1","Yes","1","Yes","3","Known Changes","1","Surveillance","2","Other","https://dwr.state.co.us/Tools/GroundWater/Well/759"
"CODWR","760","Colorado Division of Water Resources","NHP-AR-107","39.560366","-103.075514","NAD83","GPS","10 m","4787.7","1","Feet","NAVD88","USGS NED 10-meter DEM","1 m","150","1","Feet","N100HGHPLN","High Plains aquifer","US","United States of America","08","Colorado","063","Kit Carson County","OGALLALA","WELL","UNCONFINED","0","No","0","No","CO DWR HydroBase","1","Yes","1","Yes","3","Known Changes","1","Surveillance","2","Other","https://dwr.state.co.us/Tools/GroundWater/Well/760"
"CODWR","761","Colorado Division of Water Resources","NHP-AR-108","39.549312","-103.089202","NAD83","GPS","10 m","4789.36","1","Feet","NAVD88","USGS NED 1-meter DEM","1 m","135","1","Feet","N100HGHPLN","High Plains aquifer","US","United States of America","08","Colorado","063","Kit Carson County","OGALLALA","WELL","UNCONFINED","0","No","0","No","CO DWR HydroBase","1","Yes","1","Yes","3","Known Changes","1","Surveillance","2","Other","https://dwr.state.co.us/Tools/GroundWater/Well/761"
"CODWR","762","Colorado Division of Water Resources","NHP-AR-110","39.516837","-103.150174","NAD83","GPS","10 m","4845.1","1","Feet","NAVD88","USGS NED 10-meter DEM","1 m","100","1","Feet","N100HGHPLN","High Plains aquifer","US","United States of America","08","Colorado","063","Kit Carson County","OGALLALA","WELL","UNCONFINED","0","No","0","No","CO DWR HydroBase","1","Yes","1","Yes","3","Known Changes","1","Surveillance","2","Other","https://dwr.state.co.us/Tools/GroundWater/Well/762"
"CODWR","765","Colorado Division of Water Resources","NHP-AR-112","39.496566","-103.365478","NAD83","GPS","10 m","5182.48","1","Feet","NAVD88","USGS NED 10-meter DEM","1 m","0","1","Feet","N100HGHPLN","High Plains aquifer","US","United States of America","08","Colorado","073","Lincoln County","OGALLALA","WELL","UNCONFINED","0","No","0","No","CO DWR HydroBase","1","Yes","1","Yes","3","Known Changes","1","Surveillance","2","Other","https://dwr.state.co.us/Tools/GroundWater/Well/765"
"CODWR","777","Colorado Division of Water Resources","NHP-AR-123","39.334228","-103.173653","NAD83","GPS","10 m","5047.08","1","Feet","NAVD88","USGS NED 1-meter DEM","1 m","110","1","Feet","N100HGHPLN","High Plains aquifer","US","United States of America","08","Colorado","073","Lincoln County","OGALLALA","WELL","UNCONFINED","0","No","0","No","CO DWR HydroBase","1","Yes","1","Yes","3","Known Changes","1","Surveillance","2","Other","https://dwr.state.co.us/Tools/GroundWater/Well/777"
"CODWR","778","Colorado Division of Water Resources","NHP-AR-124","39.320677","-103.253511","NAD83","GPS","10 m","5160.68","1","Feet","NAVD88","USGS NED 10-meter DEM","1 m","75","1","Feet","N100HGHPLN","High Plains aquifer","US","United States of America","08","Colorado","073","Lincoln County","OGALLALA","WELL","UNCONFINED","0","No","0","No","CO DWR HydroBase","1","Yes","1","Yes","3","Known Changes","1","Surveillance","2","Other","https://dwr.state.co.us/Tools/GroundWater/Well/778"
"CODWR","779","Colorado Division of Water Resources","NHP-AR-125","39.313674","-103.398671","NAD83","GPS","10 m","5392.95","1","Feet","NAVD88","USGS NED 10-meter DEM","1 m","77","1","Feet","N100HGHPLN","High Plains aquifer","US","United States of America","08","Colorado","073","Lincoln County","OGALLALA","WELL","UNCONFINED","0","No","0","No","CO DWR HydroBase","1","Yes","1","Yes","3","Known Changes","1","Surveillance","2","Other","https://dwr.state.co.us/Tools/GroundWater/Well/779"
"CODWR","151051","Colorado Division of Water Resources","NHP-AR-109","39.523535","-103.154429","NAD83","Spotted from section lines","20 m","4860","1","Feet","NAVD88","USGS NED 10-meter DEM","1 m","125","1","Feet","N100HGHPLN","High Plains aquifer","US","United States of America","08","Colorado","063","Kit Carson County","OGALLALA","WELL","UNCONFINED","0","No","0","No","CO DWR HydroBase","1","Yes","1","Yes","3","Known Changes","1","Surveillance","2","Other","https://dwr.state.co.us/Tools/GroundWater/Well/151051"
"CODWR","629","Colorado Division of Water Resources","NHP-WC-001","40.166653","-103.033835","NAD83","User supplied","15 m","4427.04","1","Feet","NAVD88","USGS NED 10-meter DEM","1 m","157","1","Feet","N100HGHPLN","High Plains aquifer","US","United States of America","08","Colorado","121","Washington County","OGALLALA","WELL","UNCONFINED","0","No","0","No","CO DWR HydroBase","1","Yes","1","Yes","3","Known Changes","1","Surveillance","2","Other","https://dwr.state.co.us/Tools/GroundWater/Well/629"
"CODWR","638","Colorado Division of Water Resources","NHP-WC-006","39.961101","-103.130223","NAD83","User supplied","15 m","4630.92","1","Feet","NAVD88","USGS 30-meter DEM","1 m","140","1","Feet","N100HGHPLN","High Plains aquifer","US","United States of America","08","Colorado","121","Washington County","OGALLALA","WELL","UNCONFINED","0","No","0","No","CO DWR HydroBase","1","Yes","1","Yes","3","Known Changes","1","Surveillance","2","Other","https://dwr.state.co.us/Tools/GroundWater/Well/638"
"CODWR","643","Colorado Division of Water Resources","NHP-WC-009","39.908604","-103.071335","NAD83","User supplied","15 m","4557.21","1","Feet","NAVD88","USGS NED 1-meter DEM","1 m","296","1","Feet","N100HGHPLN","High Plains aquifer","US","United States of America","08","Colorado","121","Washington County","OGALLALA","WELL","UNCONFINED","0","No","0","No","CO DWR HydroBase","1","Yes","1","Yes","3","Known Changes","1","Surveillance","2","Other","https://dwr.state.co.us/Tools/GroundWater/Well/643"
"CODWR","644","Colorado Division of Water Resources","NHP-WC-010","39.909434","-103.120223","NAD83","User supplied","15 m","4630.24","1","Feet","NAVD88","USGS NED 10-meter DEM","1 m","285","1","Feet","N100HGHPLN","High Plains aquifer","US","United States of America","08","Colorado","121","Washington County","OGALLALA","WELL","UNCONFINED","0","No","0","No","CO DWR HydroBase","1","Yes","1","Yes","3","Known Changes","1","Surveillance","2","Other","https://dwr.state.co.us/Tools/GroundWater/Well/644"
"CODWR","645","Colorado Division of Water Resources","NHP-WC-011","39.894154","-103.128009","NAD83","User supplied","15 m","4642.26","1","Feet","NAVD88","USGS NED 1-meter DEM","1 m","278","1","Feet","N100HGHPLN","High Plains aquifer","US","United States of America","08","Colorado","121","Washington County","OGALLALA","WELL","UNCONFINED","0","No","0","No","CO DWR HydroBase","1","Yes","1","Yes","3","Known Changes","1","Surveillance","2","Other","https://dwr.state.co.us/Tools/GroundWater/Well/645"
"CODWR","746","Colorado Division of Water Resources","NHP-AR-095","39.621177","-103.367758","NAD83","GPS","10 m","5148.52","1","Feet","NAVD88","USGS NED 1-meter DEM","1 m","135","1","Feet","N100HGHPLN","High Plains aquifer","US","United States of America","08","Colorado","121","Washington County","OGALLALA","WELL","UNCONFINED","0","No","0","No","CO DWR HydroBase","1","Yes","1","Yes","3","Known Changes","1","Surveillance","2","Other","https://dwr.state.co.us/Tools/GroundWater/Well/746"
"CODWR","743","Colorado Division of Water Resources","NHP-AR-091","39.596558","-103.217312","NAD83","GPS","10 m","4949.38","1","Feet","NAVD88","Original database","1 m","125","1","Feet","N100HGHPLN","High Plains aquifer","US","United States of America","08","Colorado","121","Washington County","OGALLALA","WELL","UNCONFINED","0","No","0","No","CO DWR HydroBase","1","Yes","1","Yes","3","Known Changes","1","Surveillance","2","Other","https://dwr.state.co.us/Tools/GroundWater/Well/743"
"CODWR","744","Colorado Division of Water Resources","NHP-AR-092","39.581385","-103.156609","NAD83","User supplied","15 m","4792.77","1","Feet","NAVD88","USGS NED 10-meter DEM","1 m","70","1","Feet","N100HGHPLN","High Plains aquifer","US","United States of America","08","Colorado","121","Washington County","OGALLALA","WELL","UNCONFINED","0","No","0","No","CO DWR HydroBase","1","Yes","1","Yes","3","Known Changes","1","Surveillance","2","Other","https://dwr.state.co.us/Tools/GroundWater/Well/744"
"CODWR","655","Colorado Division of Water Resources","NHP-WC-018","39.787213","-103.056617","NAD83","User supplied","15 m","4622.23","1","Feet","NAVD88","GPS","1 m","180","1","Feet","N100HGHPLN","High Plains aquifer","US","United States of America","08","Colorado","121","Washington County","OGALLALA","WELL","UNCONFINED","0","No","0","No","CO DWR HydroBase","1","Yes","1","Yes","3","Known Changes","1","Surveillance","2","Other","https://dwr.state.co.us/Tools/GroundWater/Well/655"
"CODWR","660","Colorado Division of Water Resources","NHP-WC-022","39.741655","-103.044945","NAD83","User supplied","15 m","4620.23","1","Feet","NAVD88","USGS NED 1-meter DEM","1 m","74","1","Feet","N100HGHPLN","High Plains aquifer","US","United States of America","08","Colorado","121","Washington County","OGALLALA","WELL","UNCONFINED","0","No","0","No","CO DWR HydroBase","1","Yes","1","Yes","3","Known Changes","1","Surveillance","2","Other","https://dwr.state.co.us/Tools/GroundWater/Well/660"
"CODWR","663","Colorado Division of Water Resources","NHP-WC-024","39.703325","-103.273562","NAD83","User supplied","15 m","4937.45","1","Feet","NAVD88","USGS NED 1-meter DEM","1 m","72","1","Feet","N100HGHPLN","High Plains aquifer","US","United States of America","08","Colorado","121","Washington County","OGALLALA","WELL","UNCONFINED","0","No","0","No","CO DWR HydroBase","1","Yes","1","Yes","3","Known Changes","1","Surveillance","2","Other","https://dwr.state.co.us/Tools/GroundWater/Well/663"
"CODWR","149855","Colorado Division of Water Resources","NHP-AR-127","39.316618","-103.566379","NAD83","GPS","10 m","5588","1","Feet","NAVD88","GPS","1 m","0","1","Feet","N100HGHPLN","High Plains aquifer","US","United States of America","08","Colorado","073","Lincoln County","OGALLALA","WELL","UNCONFINED","0","No","0","No","CO DWR HydroBase","1","Yes","1","Yes","3","Known Changes","1","Surveillance","2","Other","https://dwr.state.co.us/Tools/GroundWater/Well/149855"
"CODWR","411","Colorado Division of Water Resources","NHP-WY-055","40.251103","-103.016061","NAD83","User supplied","15 m","4406.38","1","Feet","NAVD88","Original database","1 m","145","1","Feet","N100HGHPLN","High Plains aquifer","US","United States of America","08","Colorado","121","Washington County","OGALLALA","WELL","UNCONFINED","0","No","0","No","CO DWR HydroBase","1","Yes","1","Yes","3","Known Changes","1","Surveillance","2","Other","https://dwr.state.co.us/Tools/GroundWater/Well/411"
"CODWR","49503","Colorado Division of Water Resources","NHP-AR-120","39.433728","-103.517901","NAD83","GPS","10 m","5428","1","Feet","NAVD88","Original database","1 m","0","1","Feet","N100HGHPLN","High Plains aquifer","US","United States of America","08","Colorado","073","Lincoln County","OGALLALA","WELL","UNCONFINED","0","No","0","No","CO DWR HydroBase","1","Yes","1","Yes","3","Known Changes","1","Surveillance","2","Other","https://dwr.state.co.us/Tools/GroundWater/Well/49503"
"USGS","384348104232201","U.S. Geological Survey","SC01506324DAB QAL14","38.73005278000000117799572763","-104.3908110999999934165316517","NAD83","X","C","5674.149999999999636202119291","1","Feet","NAVD88","X",".10","60","1","Feet","S300DNVRBS","Denver Basin aquifer system","US","United States of America","08","Colorado","041","El Paso County","Valley-Fill Deposits","WELL","UNCONFINED","0","No","0","No","","1","Yes","0","No","2","Suspected / Anticipated Changes","2","Trend","1","Dedicated Monitoring/Observation",""
"USGS","384824104332601","U.S. Geological Survey","SC01406428AAC KA6","38.80671388999999749103153590","-104.5570972000000011803422240","NAD83","X","C","6319.840000000000145519152284","1","Feet","NAVD88","X",".14","240","1","Feet","S300DNVRBS","Denver Basin aquifer system","US","United States of America","08","Colorado","041","El Paso County","Arapahoe Conglomerate Member of Laramie Formation","WELL","UNCONFINED","0","No","0","No","","1","Yes","0","No","2","Suspected / Anticipated Changes","2","Trend","1","Dedicated Monitoring/Observation",""
"USGS","385208104324401","U.S. Geological Survey","SC01306434CDD TKD7","38.86884443999999660945832147","-104.5455833000000041010935092","NAD83","X","C","6215.479999999999563442543149","1","Feet","NAVD88","X",".17","310","1","Feet","S300DNVRBS","Denver Basin aquifer system","US","United States of America","08","Colorado","041","El Paso County","Denver Formation","WELL","UNCONFINED","0","No","0","No","","1","Yes","0","No","2","Suspected / Anticipated Changes","2","Trend","1","Dedicated Monitoring/Observation",""
"USGS","391924104374101","U.S. Geological Survey","SC00806526DA UDAW 14","39.32347500000000195541360881","-104.6296166999999996960468707","NAD83","D","H","6783.970000000000254658516496","1","Feet","NAVD88","D","0.2","300","1","Feet","S300DNVRBS","Denver Basin aquifer system","US","United States of America","08","Colorado","039","Elbert County","Dawson Arkose","WELL","CONFINED","0","No","0","No","","1","Yes","1","Yes","2","Suspected / Anticipated Changes","2","Trend","1","Dedicated Monitoring/Observation",""
"USGS","392133104310201","U.S. Geological Survey","SC00806414AA UDAW 12","39.35886109999999860065145185","-104.5184610999999961222783895","NAD83","D","H","6613.449999999999818101059645","1","Feet","NAVD88","D",".04","225","1","Feet","S300DNVRBS","Denver Basin aquifer system","US","United States of America","08","Colorado","039","Elbert County","Dawson Arkose","WELL","CONFINED","0","No","0","No","","1","Yes","1","Yes","2","Suspected / Anticipated Changes","2","Trend","1","Dedicated Monitoring/Observation",""
"USGS","392616103591001","U.S. Geological Survey","SC00705915CA LARA 3","39.43809999999999860165189602","-103.9866611000000062858816818","NAD83","D","H","5495.979999999999563442543149","1","Feet","NAVD88","D","0.1","340","1","Feet","S300DNVRBS","Denver Basin aquifer system","US","United States of America","08","Colorado","039","Elbert County","Laramie - Fox Hills Aquifer","WELL","CONFINED","0","No","0","No","","1","Yes","1","Yes","3","Known Changes","2","Trend","1","Dedicated Monitoring/Observation",""
"USGS","393350104151701","U.S. Geological Survey","SC00606106AA DENV 12","39.56444167000000078360244515","-104.2547416999999967401890899","NAD83","D","H","5587.609999999999672581907362","1","Feet","NAVD88","D","0.3","161","1","Feet","S300DNVRBS","Denver Basin aquifer system","US","United States of America","08","Colorado","039","Elbert County","Denver Formation","WELL","CONFINED","0","No","0","No","","1","Yes","1","Yes","3","Known Changes","2","Trend","1","Dedicated Monitoring/Observation",""
"CODWR","782","Colorado Division of Water Resources","NHP-AR-128","39.260112","-103.190833","NAD83","GPS","10 m","5154.9","1","Feet","NAVD88","USGS NED 10-meter DEM","1 m","75","1","Feet","N100HGHPLN","High Plains aquifer","US","United States of America","08","Colorado","073","Lincoln County","Ogallala aquifer","WELL","UNCONFINED","0","No","0","No","CO DWR HydroBase","1","Yes","1","Yes","3","Known Changes","1","Surveillance","2","Other","https://dwr.state.co.us/Tools/GroundWater/WaterLevels/782"
"CODWR","763","Colorado Division of Water Resources","NHP-AR-111","39.512777","-103.12495","NAD83","GPS","10 m","4851.45","1","Feet","NAVD88","USGS NED 10-meter DEM","1 m","155","1","Feet","N100HGHPLN","High Plains aquifer","US","United States of America","08","Colorado","063","Kit Carson County","Ogallala aquifer","WELL","UNCONFINED","0","No","0","No","CO DWR HydroBase","1","Yes","1","Yes","3","Known Changes","1","Surveillance","2","Other","https://dwr.state.co.us/Tools/GroundWater/WaterLevels/763"
"CODWR","766","Colorado Division of Water Resources","NHP-AR-114","39.499112","-103.587003","NAD83","GPS","10 m","5509.51","1","Feet","NAVD88","USGS NED 10-meter DEM","1 m","135","1","Feet","N100HGHPLN","High Plains aquifer","US","United States of America","08","Colorado","073","Lincoln County","Ogallala aquifer","WELL","UNCONFINED","0","No","0","No","CO DWR HydroBase","1","Yes","1","Yes","3","Known Changes","1","Surveillance","2","Other","https://dwr.state.co.us/Tools/GroundWater/WaterLevels/766"
"CODWR","769","Colorado Division of Water Resources","NHP-AR-117","39.416749","-103.205281","NAD83","GPS","10 m","5054.37","1","Feet","NAVD88","USGS NED 10-meter DEM","1 m","260","1","Feet","N100HGHPLN","High Plains aquifer","US","United States of America","08","Colorado","073","Lincoln County","Ogallala aquifer","WELL","UNCONFINED","0","No","0","No","CO DWR HydroBase","1","Yes","1","Yes","3","Known Changes","1","Surveillance","2","Other","https://dwr.state.co.us/Tools/GroundWater/WaterLevels/769"
"CODWR","780","Colorado Division of Water Resources","NHP-AR-126","39.363441","-103.585087","NAD83","GPS","10 m","5607.78","1","Feet","NAVD88","USGS NED 10-meter DEM","1 m","102","1","Feet","N100HGHPLN","High Plains aquifer","US","United States of America","08","Colorado","073","Lincoln County","Ogallala aquifer","WELL","UNCONFINED","0","No","0","No","CO DWR HydroBase","1","Yes","1","Yes","3","Known Changes","1","Surveillance","2","Other","https://dwr.state.co.us/Tools/GroundWater/WaterLevels/780"
"USGS","390010104385101","U.S. Geological Survey","SC01206515DAC TDW17","39.00274720000000172603904502","-104.6474166999999937388565741","NAD83","Z","E","7500.279999999999745341483504","1","Feet","NAVD88","Z",".38","480","1","Feet","S300DNVRBS","Denver Basin aquifer system","US","United States of America","08","Colorado","041","El Paso County","Dawson Arkose","WELL","UNCONFINED","0","No","0","No","","1","Yes","0","No","2","Suspected / Anticipated Changes","2","Trend","1","Dedicated Monitoring/Observation",""
"USGS","385727104225101","U.S. Geological Survey","SC01206231CDB QAL11","38.95601666999999679319444112","-104.3815917000000013103999663","NAD83","X","C","6354.989999999999781721271574","1","Feet","NAVD88","X",".12","57","1","Feet","S300DNVRBS","Denver Basin aquifer system","US","United States of America","08","Colorado","041","El Paso County","Dawson Arkose","WELL","UNCONFINED","0","No","0","No","","1","Yes","1","Yes","2","Suspected / Anticipated Changes","2","Trend","1","Dedicated Monitoring/Observation",""
"CODWR","49501","Colorado Division of Water Resources","NHP-AR-094","39.621774","-103.367431","NAD83","Spotted from section lines","20 m","5119","1","Feet","NAVD88","USGS NED 10-meter DEM","1 m","130","1","Feet","N100HGHPLN","High Plains aquifer","US","United States of America","08","Colorado","121","Washington County","Ogallala","WELL","UNCONFINED","0","No","0","No","CO DWR HydroBase","1","Yes","1","Yes","3","Known Changes","1","Surveillance","2","Other","https://dwr.state.co.us/Tools/GroundWater/WaterLevels/49501"
"CODWR","149878","Colorado Division of Water Resources","NHP-AR-113","39.477752","-103.270529","NAD83","GPS","10 m","5085","1","Feet","NAVD88","USGS NED 10-meter DEM","1 m","200","1","Feet","N100HGHPLN","High Plains aquifer","US","United States of America","08","Colorado","073","Lincoln County","Ogallala","WELL","UNCONFINED","0","No","0","No","CO DWR HydroBase","1","Yes","1","Yes","3","Known Changes","1","Surveillance","2","Other","https://dwr.state.co.us/Tools/GroundWater/WaterLevels/149878"
"CODWR","5703","Colorado Division of Water Resources","NHP-WC-023","39.703075","-103.200897","NAD83","Spotted from quarters","20 m","4848","1","Feet","NAVD88","USGS NED 10-meter DEM","1 m","100","1","Feet","N100HGHPLN","High Plains aquifer","US","United States of America","08","Colorado","121","Washington County","Ogallala","WELL","UNCONFINED","0","No","0","No","CO DWR HydroBase","1","Yes","1","Yes","3","Known Changes","1","Surveillance","2","Other","https://dwr.state.co.us/Tools/GroundWater/WaterLevels/5703"
"CODWR","637","Colorado Division of Water Resources","NHP-WC-005","40.379151","-103.079102","NAD83","User supplied","15 m","4370","1","Feet","NAVD88","USGS NED 10-meter DEM","1 m","63","1","Feet","N100HGHPLN","High Plains aquifer","US","United States of America","08","Colorado","121","Washington County","White River","WELL","UNCONFINED","0","No","0","No","CO DWR HydroBase","1","Yes","1","Yes","3","Known Changes","1","Surveillance","2","Other","https://dwr.state.co.us/Tools/GroundWater/WaterLevels/637"
"CODWR","634","Colorado Division of Water Resources","NHP-WC-004","40.180815","-103.225773","NAD83","User supplied","15 m","4705","1","Feet","NAVD88","USGS NED 10-meter DEM","1 m","154","1","Feet","N100HGHPLN","High Plains aquifer","US","United States of America","08","Colorado","121","Washington County","Ogallala","WELL","UNCONFINED","0","No","0","No","CO DWR HydroBase","1","Yes","1","Yes","3","Known Changes","1","Surveillance","2","Other","https://dwr.state.co.us/Tools/GroundWater/WaterLevels/634"
"CODWR","648","Colorado Division of Water Resources","NHP-WC-012","39.901717","-103.145468","NAD83","Digitized","10 m","4661.08","1","Feet","NAVD88","USGS NED 10-meter DEM","1 m","342","1","Feet","N100HGHPLN","High Plains aquifer","US","United States of America","08","Colorado","121","Washington County","Ogallala aquifer","WELL","UNCONFINED","0","No","0","No","CO DWR HydroBase","1","Yes","1","Yes","3","Known Changes","1","Surveillance","2","Other","https://dwr.state.co.us/Tools/GroundWater/WaterLevels/648"
"CODWR","650","Colorado Division of Water Resources","NHP-WC-013","39.86304","-103.31133","NAD83","User supplied","15 m","4940.56","1","Feet","NAVD88","USGS NED 10-meter DEM","1 m","225","1","Feet","N100HGHPLN","High Plains aquifer","US","United States of America","08","Colorado","121","Washington County","Ogallala aquifer","WELL","UNCONFINED","0","No","0","No","CO DWR HydroBase","1","Yes","1","Yes","3","Known Changes","1","Surveillance","2","Other","https://dwr.state.co.us/Tools/GroundWater/WaterLevels/650"
"CODWR","656","Colorado Division of Water Resources","NHP-WC-019","39.817761","-103.215773","NAD83","User supplied","15 m","4812.94","1","Feet","NAVD88","USGS NED 10-meter DEM","1 m","130","1","Feet","N100HGHPLN","High Plains aquifer","US","United States of America","08","Colorado","121","Washington County","Ogallala aquifer","WELL","UNCONFINED","0","No","0","No","CO DWR HydroBase","1","Yes","1","Yes","3","Known Changes","1","Surveillance","2","Other","https://dwr.state.co.us/Tools/GroundWater/WaterLevels/656"
"CODWR","771","Colorado Division of Water Resources","NHP-AR-119","39.447727","-103.427564","NAD83","GPS","10 m","5275.91","1","Feet","NAVD88","USGS NED 10-meter DEM","1 m","130","1","Feet","N100HGHPLN","High Plains aquifer","US","United States of America","08","Colorado","073","Lincoln County","Ogallala aquifer","WELL","UNCONFINED","0","No","0","No","CO DWR HydroBase","1","Yes","1","Yes","3","Known Changes","1","Surveillance","2","Other","https://dwr.state.co.us/Tools/GroundWater/WaterLevels/771"
"CODWR","775","Colorado Division of Water Resources","NHP-AR-122","39.374639","-103.089449","NAD83","GPS","10 m","4875.43","1","Feet","NAVD88","USGS NED 10-meter DEM","1 m","72","1","Feet","N100HGHPLN","High Plains aquifer","US","United States of America","08","Colorado","063","Kit Carson County","Ogallala aquifer","WELL","UNCONFINED","0","No","0","No","CO DWR HydroBase","1","Yes","1","Yes","3","Known Changes","1","Surveillance","2","Other","https://dwr.state.co.us/Tools/GroundWater/WaterLevels/775"
"CODWR","631","Colorado Division of Water Resources","NHP-WC-002","40.153038","-103.144106","NAD83","User supplied","15 m","4540.53","1","Feet","NAVD88","USGS NED 10-meter DEM","1 m","100","1","Feet","N100HGHPLN","High Plains aquifer","US","United States of America","08","Colorado","121","Washington County","Ogallala aquifer","WELL","UNCONFINED","0","No","0","No","CO DWR HydroBase","1","Yes","1","Yes","3","Known Changes","1","Surveillance","2","Other","https://dwr.state.co.us/Tools/GroundWater/WaterLevels/631"
"CODWR","632","Colorado Division of Water Resources","NHP-WC-003","40.266092","-103.090494","NAD83","User supplied","15 m","4492.04","1","Feet","NAVD88","USGS NED 10-meter DEM","1 m","138","1","Feet","N100HGHPLN","High Plains aquifer","US","United States of America","08","Colorado","121","Washington County","Ogallala aquifer","WELL","UNCONFINED","0","No","0","No","CO DWR HydroBase","1","Yes","1","Yes","3","Known Changes","1","Surveillance","2","Other","https://dwr.state.co.us/Tools/GroundWater/WaterLevels/632"
"USGS","390148104285401","U.S. Geological Survey","SC01206306DDB TDW21","39.02986389000000144733348861","-104.4815806000000009134964785","NAD83","X","C","6809.609999999999672581907362","1","Feet","NAVD88","X",".18","195","1","Feet","S300DNVRBS","Denver Basin aquifer system","US","United States of America","08","Colorado","041","El Paso County","Dawson Arkose","WELL","UNCONFINED","0","No","0","No","","1","Yes","0","No","2","Suspected / Anticipated Changes","2","Trend","1","Dedicated Monitoring/Observation",""
"USGS","402658104400001","U.S. Geological Survey","SB00606533ABD1 NAWQA 15","40.4498777777778","-104.664086111111","NAD83","Global positioning system (GPS), Standard Positioning Service (SPS) or Precise Positioning Service (PPS) NOTE after October, 2014 only use for mapping grade GPS units and use new codes W,X,Y, or Z that indicate the quality of the GNSS survey.","Accurate to +/- .01 second (differentially corrected GPS)","4685.85","1","Feet","NAVD88","Differential Global Positioning System (DGPS) - NOT FOR NEW DATA ENTRY IF GNSS methods used. Historically used and includes DGPS and SGPS methods. After October, 2014 only use if commercial DGPS of sub meter accuracy was used.","+/- 0.5 ft","33","1","Feet","N100ALLUVL","Alluvial aquifers","US","United States of America","08","Colorado","123","Weld County","Alluvium and Terrace Deposits","WELL","UNCONFINED","1","Yes","1","Yes","","0","No","0","No","","","","","","","https://waterdata.usgs.gov/monitoring-location/402658104400001"
"USGS","404450103013501","U.S. Geological Survey","SB00905123BDD NAWQA 20","40.7464027777778","-103.027627777778","NAD83","Global positioning system (GPS), Standard Positioning Service (SPS) or Precise Positioning Service (PPS) NOTE after October, 2014 only use for mapping grade GPS units and use new codes W,X,Y, or Z that indicate the quality of the GNSS survey.","Accurate to +/- .01 second (differentially corrected GPS)","3856.22","1","Feet","NAVD88","Differential Global Positioning System (DGPS) - NOT FOR NEW DATA ENTRY IF GNSS methods used. Historically used and includes DGPS and SGPS methods. After October, 2014 only use if commercial DGPS of sub meter accuracy was used.","+/- 0.5 ft","47","1","Feet","N100ALLUVL","Alluvial aquifers","US","United States of America","08","Colorado","075","Logan County","Alluvium and Terrace Deposits","WELL","UNCONFINED","1","Yes","1","Yes","","0","No","0","No","","","","","","","https://waterdata.usgs.gov/monitoring-location/404450103013501"
"USGS","404320103053801","U.S. Geological Survey","SB00905130DAA NAWQA 19","40.7221666666667","-103.094594444444","NAD83","Global positioning system (GPS), Standard Positioning Service (SPS) or Precise Positioning Service (PPS) NOTE after October, 2014 only use for mapping grade GPS units and use new codes W,X,Y, or Z that indicate the quality of the GNSS survey.","Accurate to +/- .01 second (differentially corrected GPS)","3858.39","1","Feet","NAVD88","Differential Global Positioning System (DGPS) - NOT FOR NEW DATA ENTRY IF GNSS methods used. Historically used and includes DGPS and SGPS methods. After October, 2014 only use if commercial DGPS of sub meter accuracy was used.","+/- 0.5 ft","17","1","Feet","N100ALLUVL","Alluvial aquifers","US","United States of America","08","Colorado","075","Logan County","Alluvium and Terrace Deposits","WELL","UNCONFINED","1","Yes","1","Yes","","0","No","0","No","","","","","","","https://waterdata.usgs.gov/monitoring-location/404320103053801"
"USGS","404106103082201","U.S. Geological Survey","SB00805201CCD NAWQA 18","40.6850083333333","-103.139522222222","NAD83","Global positioning system (GPS), StandardPositioning Service (SPS) or Precise Positioning Service (PPS) NOTE after October, 2014 only use for mapping grade GPS units and use new codes W,X,Y, or Z that indicate the quality of the GNSS survey.","Accurate to +/- .01 second (differentially corrected GPS)","3884.99","1","Feet","NAVD88","Differential Global Positioning System (DGPS) - NOT FOR NEW DATA ENTRY IF GNSS methods used. Historically used and includes DGPS and SGPS methods. After October, 2014 only use if commercial DGPS of sub meter accuracy was used.","+/- 0.5 ft","18","1","Feet","N100ALLUVL","Alluvial aquifers","US","United States of America","08","Colorado","075","Logan County","Alluvium and Terrace Deposits","WELL","UNCONFINED","1","Yes","1","Yes","","0","No","0","No","","","","","","","https://waterdata.usgs.gov/monitoring-location/404106103082201"
"USGS","403426103200401","U.S. Geological Survey","SB00705317BCB1 NAWQA 17","40.5743555555556","-103.334491666667","NAD83","Global positioning system (GPS), Standard Positioning Service (SPS) or Precise Positioning Service (PPS) NOTE after October, 2014 only use for mapping grade GPS units and use new codes W,X,Y, or Z that indicate the quality of the GNSS survey.","Accurate to +/- .01 second (differentially corrected GPS)","4068.23","1","Feet","NAVD88","Differential Global Positioning System (DGPS) - NOT FOR NEW DATA ENTRY IF GNSS methods used. Historically used and includes DGPS and SGPS methods. After October, 2014 only use if commercial DGPS of sub meter accuracy was used.","+/- 0.5 ft","31","1","Feet","N100ALLUVL","Alluvial aquifers","US","United States of America","08","Colorado","075","Logan County","Alluvium and Terrace Deposits","WELL","UNCONFINED","1","Yes","1","Yes","","0","No","0","No","","","","","","","https://waterdata.usgs.gov/monitoring-location/403426103200401"
"USGS","402538103242001","U.S. Geological Survey","SB00505404ADD NAWQA 14","40.4289916666667","-103.407427777778","NAD83","Global positioning system (GPS), StandardPositioning Service (SPS) or Precise Positioning Service (PPS) NOTE after October, 2014 only use for mapping grade GPS units and use new codes W,X,Y, or Z that indicate the quality of the GNSS survey.","Accurate to +/- .01 second (differentially corrected GPS)","4077.7","1","Feet","NAVD88","Differential Global Positioning System (DGPS) - NOT FOR NEW DATA ENTRY IF GNSS methods used. Historically used and includes DGPS and SGPS methods. After October, 2014 only use if commercial DGPS of sub meter accuracy was used.","+/- 0.5 ft","20","1","Feet","N100ALLUVL","Alluvial aquifers","US","United States of America","08","Colorado","121","Washington County","Alluvium and Terrace Deposits","WELL","UNCONFINED","1","Yes","1","Yes","","0","No","0","No","","","","","","","https://waterdata.usgs.gov/monitoring-location/402538103242001"
"USGS","402213104015501","U.S. Geological Survey","SB00505930CBA NAWQA 13","40.3702444444444","-104.031797222222","NAD83","Global positioning system (GPS), Standard Positioning Service (SPS) or Precise Positioning Service (PPS) NOTE after October, 2014 only use for mapping grade GPS units and use new codes W,X,Y, or Z that indicate the quality of the GNSS survey.","Accurate to +/- .01 second (differentially corrected GPS)","4378.59","1","Feet","NAVD88","Differential Global Positioning System (DGPS) - NOT FOR NEW DATA ENTRY IF GNSS methods used. Historically used and includes DGPS and SGPS methods. After October, 2014 only use if commercial DGPS of sub meter accuracy was used.","+/- 0.5 ft","12","1","Feet","N100ALLUVL","Alluvial aquifers","US","United States of America","08","Colorado","087","Morgan County","Alluvium and Terrace Deposits","WELL","UNCONFINED","1","Yes","1","Yes","","0","No","0","No","","","","","","","https://waterdata.usgs.gov/monitoring-location/402213104015501"
"USGS","402150103322801","U.S. Geological Survey","SB00505528CCC NAWQA 12","40.3639361111111","-103.540738888889","NAD83","Global positioning system (GPS), Standard Positioning Service (SPS) or Precise Positioning Service (PPS) NOTE after October, 2014 only use for mapping grade GPS units and use new codes W,X,Y, or Z that indicate the quality of the GNSS survey.","Accurate to +/- .01 second (differentially corrected GPS)","4161.55","1","Feet","NAVD88","Differential Global Positioning System (DGPS) - NOT FOR NEW DATA ENTRY IF GNSS methods used. Historically used and includes DGPS and SGPS methods. After October, 2014 only use if commercial DGPS of sub meter accuracy was used.","+/- 0.5 ft","27","1","Feet","N100ALLUVL","Alluvial aquifers","US","United States of America","08","Colorado","087","Morgan County","Alluvium and Terrace Deposits","WELL","UNCONFINED","1","Yes","1","Yes","","0","No","0","No","","","","","","","https://waterdata.usgs.gov/monitoring-location/402150103322801"
"USGS","402104104404501","U.S. Geological Survey","SB00506532DDB NAWQA 11","40.3487277777778","-104.677797222222","NAD83","Global positioning system (GPS), Standard Positioning Service (SPS) or Precise Positioning Service (PPS) NOTE after October, 2014 only use for mapping grade GPS units and use new codes W,X,Y, or Z that indicate the quality of the GNSS survey.","Accurate to +/- .01 second (differentially corrected GPS)","4670.33","1","Feet","NAVD88","Differential Global Positioning System (DGPS) - NOT FOR NEW DATA ENTRY IF GNSS methods used. Historically used and includes DGPS and SGPS methods. After October, 2014 only use if commercial DGPS of sub meter accuracy was used.","+/- 0.5 ft","19","1","Feet","N100ALLUVL","Alluvial aquifers","US","United States of America","08","Colorado","123","Weld County","Alluvium and Terrace Deposits","WELL","UNCONFINED","1","Yes","1","Yes","","0","No","0","No","","","","","","","https://waterdata.usgs.gov/monitoring-location/402104104404501"
"USGS","402034103301001","U.S. Geological Survey","SB00405502BCD NAQWA 10","40.3427472222222","-103.503858333333","NAD83","Global positioning system (GPS), Standard Positioning Service (SPS) or Precise Positioning Service (PPS) NOTE after October, 2014 only use for mapping grade GPS units and use new codes W,X,Y, or Z that indicate the quality of the GNSS survey.","Accurate to +/- .01 second (differentially corrected GPS)","4155.42","1","Feet","NAVD88","Differential Global Positioning System (DGPS) - NOT FOR NEW DATA ENTRY IF GNSS methods used. Historically used and includes DGPS and SGPS methods. After October, 2014 only use if commercial DGPS of sub meter accuracy was used.","+/- 0.5 ft","23","1","Feet","N100ALLUVL","Alluvial aquifers","US","United States of America","08","Colorado","087","Morgan County","Alluvium and Terrace Deposits","WELL","UNCONFINED","1","Yes","1","Yes","","0","No","0","No","","","","","","","https://waterdata.usgs.gov/monitoring-location/402034103301001"
"USGS","402018103571801","U.S. Geological Survey","SB00405902CBC NAQWA 9","40.3386388888889","-103.955238888889","NAD83","Interpolated from Digital Map","Unknown","4336.68","1","Feet","NAVD88","Differential Global Positioning System (DGPS) - NOT FOR NEW DATA ENTRY IF GNSS methods used. Historically used and includes DGPS and SGPS methods. After October, 2014 only use if commercial DGPS of sub meter accuracy was used.","+/- 0.5 ft","13","1","Feet","N100ALLUVL","Alluvial aquifers","US","United States of America","08","Colorado","087","Morgan County","Alluvium, Flood Plain","WELL","UNCONFINED","1","Yes","1","Yes","","0","No","0","No","","","","","","","https://waterdata.usgs.gov/monitoring-location/402018103571801"
"USGS","401750104143101","U.S. Geological Survey","SB00406120CAB NAQWA 8","40.2970361111111","-104.241930555556","NAD83","Global positioning system (GPS), Standard Positioning Service (SPS) or Precise Positioning Service (PPS) NOTE after October, 2014 only use for mapping grade GPS units and use new codes W,X,Y, or Z that indicate the quality of the GNSS survey.","Accurate to +/- .01 second (differentially corrected GPS)","4481.94","1","Feet","NAVD88","Differential Global Positioning System (DGPS) - NOT FOR NEW DATA ENTRY IF GNSS methods used. Historically used and includes DGPS and SGPS methods. After October, 2014 only use if commercial DGPS of sub meter accuracy was used.","+/- 0.5 ft","38","1","Feet","N100ALLUVL","Alluvial aquifers","US","United States of America","08","Colorado","123","Weld County","Alluvium and Terrace Deposits","WELL","UNCONFINED","1","Yes","1","Yes","","0","No","0","No","","","","","","","https://waterdata.usgs.gov/monitoring-location/401750104143101"
"USGS","401702103483901","U.S. Geological Survey","SB00405825ADD NAWQA 6","40.2836444444444","-103.810688888889","NAD83","Global positioning system (GPS), Standard Positioning Service (SPS) or Precise Positioning Service (PPS) NOTE after October, 2014 only use for mapping grade GPS units and use new codes W,X,Y, or Z that indicate the quality of the GNSS survey.","Accurate to +/- .01 second (differentially corrected GPS)","4324.86","1","Feet","NAVD88","Differential Global Positioning System (DGPS) - NOT FOR NEW DATA ENTRY IF GNSS methods used. Historically used and includes DGPS and SGPS methods. After October, 2014 only use if commercial DGPS of sub meter accuracy was used.","+/- 0.5 ft","31","1","Feet","N100ALLUVL","Alluvial aquifers","US","United States of America","08","Colorado","087","Morgan County","Alluvium, Flood Plain","WELL","UNCONFINED","1","Yes","1","Yes","","0","No","0","No","","","","","","","https://waterdata.usgs.gov/monitoring-location/401702103483901"
"USGS","401544103443101","U.S. Geological Survey","SB00305703BBA NAWQA 5","40.2621583333333","-103.742211111111","NAD83","Global positioning system (GPS), Standard Positioning Service (SPS) or Precise Positioning Service (PPS) NOTE after October, 2014 only use for mapping grade GPS units and use new codes W,X,Y, or Z that indicate the quality of the GNSS survey.","Accurate to +/- .01 second (differentially corrected GPS)","4279.76","1","Feet","NAVD88","Differential Global Positioning System (DGPS) - NOT FOR NEW DATA ENTRY IF GNSS methods used. Historically used and includes DGPS and SGPS methods. After October, 2014 only use if commercial DGPS of sub meter accuracy was used.","+/- 0.5 ft","47","1","Feet","N100ALLUVL","Alluvial aquifers","US","United States of America","08","Colorado","087","Morgan County","Alluvium and Terrace Deposits","WELL","UNCONFINED","1","Yes","1","Yes","","0","No","0","No","","","","","","","https://waterdata.usgs.gov/monitoring-location/401544103443101"
"USGS","401449104064801","U.S. Geological Survey","SB00306009BBB NAQWA 4","40.246775","-104.112783333333","NAD83","Global positioning system (GPS), Standard Positioning Service (SPS) or Precise Positioning Service (PPS) NOTE after October, 2014 only use for mapping grade GPS units and use new codes W,X,Y, or Z that indicate the quality of the GNSS survey.","Accurate to +/- .01 second (differentially corrected GPS)","4530.89","1","Feet","NAVD88","Differential Global Positioning System (DGPS) - NOT FOR NEW DATA ENTRY IF GNSS methods used. Historically used and includes DGPS and SGPS methods. After October, 2014 only use if commercial DGPS of sub meter accuracy was used.","+/- 0.5 ft","93","1","Feet","N100ALLUVL","Alluvial aquifers","US","United States of America","08","Colorado","087","Morgan County","Alluvium and Terrace Deposits","WELL","UNCONFINED","1","Yes","1","Yes","","0","No","0","No","","","","","","","https://waterdata.usgs.gov/monitoring-location/401449104064801"
"USGS","401440103373201","U.S. Geological Survey","SB00305610ACD NAWQA 3","40.2444222222222","-103.625755555556","NAD83","Global positioning system (GPS), Standard Positioning Service (SPS) or Precise Positioning Service (PPS) NOTE after October, 2014 only use for mapping grade GPS units and use new codes W,X,Y, or Z that indicate the quality of the GNSS survey.","Accurate to +/- .01 second (differentially corrected GPS)","4263","1","Feet","NAVD88","Interpolated from topographic map","+/- 10 ft","23","1","Feet","N100ALLUVL","Alluvial aquifers","US","United States of America","08","Colorado","087","Morgan County","Alluvium and Terrace Deposits","WELL","UNCONFINED","1","Yes","1","Yes","","0","No","0","No","","","","","","","https://waterdata.usgs.gov/monitoring-location/401440103373201"
"USGS","400711104481801","U.S. Geological Survey","SB00206620CCA NAWQA 2","40.1199583333333","-104.804588888889","NAD83","Global positioning system (GPS), Standard Positioning Service (SPS) or Precise Positioning Service (PPS) NOTE after October, 2014 only use for mapping grade GPS units and use new codes W,X,Y, or Z that indicate the quality of the GNSS survey.","Accurate to +/- .01 second (differentially corrected GPS)","4878.76","1","Feet","NAVD88","Differential Global Positioning System (DGPS) - NOT FOR NEW DATA ENTRY IF GNSS methods used. Historically used and includes DGPS and SGPS methods. After October, 2014 only use if commercial DGPS of sub meter accuracy was used.","+/- 0.5 ft","31","1","Feet","N100ALLUVL","Alluvial aquifers","US","United States of America","08","Colorado","123","Weld County","Alluvium and Terrace Deposits","WELL","UNCONFINED","1","Yes","1","Yes","","0","No","0","No","","","","","","","https://waterdata.usgs.gov/monitoring-location/400711104481801"
"USGS","400237104500301","U.S. Geological Survey","SB00106619BAB NAWQA 1","40.0436055555556","-104.823575","NAD83","Global positioning system (GPS), Standard Positioning Service (SPS) or Precise Positioning Service (PPS) NOTE after October, 2014 only use for mapping grade GPS units and use new codes W,X,Y, or Z that indicate the quality of the GNSS survey.","Accurate to +/- .01 second (differentially corrected GPS)","4921.62","1","Feet","NAVD88","Differential Global Positioning System (DGPS) - NOT FOR NEW DATA ENTRY IF GNSS methods used. Historically used and includes DGPS and SGPS methods. After October, 2014 only use if commercial DGPS of sub meter accuracy was used.","+/- 0.5 ft","12.5","1","Feet","N100ALLUVL","Alluvial aquifers","US","United States of America","08","Colorado","123","Weld County","Alluvium, Flood Plain","WELL","UNCONFINED","1","Yes","1","Yes","","0","No","0","No","","","","","","","https://waterdata.usgs.gov/monitoring-location/400237104500301"
"USGS","402955103163501","U.S. Geological Survey","SB00605311CCC NAWQA 16","40.498475","-103.274980555556","NAD83","Global positioning system (GPS), Standard Positioning Service (SPS) or Precise Positioning Service (PPS) NOTE after October, 2014 only use for mapping grade GPS units and use new codes W,X,Y, or Z that indicate the quality of the GNSS survey.","Accurate to +/- .01 second (differentially corrected GPS)","4022.71","1","Feet","NAVD88","Differential Global Positioning System (DGPS) - NOT FOR NEW DATA ENTRY IF GNSS methods used. Historically used and includes DGPS and SGPS methods. After October, 2014 only use if commercial DGPS of sub meter accuracy was used.","+/- 0.5 ft","36","1","Feet","N100ALLUVL","Alluvial aquifers","US","United States of America","08","Colorado","075","Logan County","Alluvium and Terrace Deposits","WELL","UNCONFINED","1","Yes","1","Yes","","0","No","0","No","","","","","","","https://waterdata.usgs.gov/monitoring-location/402955103163501"
"USGS","382323104200701","U.S. Geological Survey","SC01906221AAA  DROUGHT WELL NEAR PUEBLO, CO","38.3896722222222","-104.335816666667","NAD83","Interpolated frommap","Accurate to +/- 1 second","4843.25","1","Feet","NAVD88","Level or other surveying method","+/- .1 ft","90","1","Feet","N100ALLUVL","Alluvial aquifers","US","United States of America","08","Colorado","101","Pueblo County","Terrace Deposits","WELL","UNCONFINED","0","No","0","No","CRN","1","Yes","1","Yes","1","Background","2","Trend","1","Dedicated Monitoring/Observation","https://waterdata.usgs.gov/monitoring-location/382323104200701"
"USGS","393215104490001","U.S. Geological Survey","SC00606607DCDA GRNDAW3","39.5374888024016","-104.817198662255","NAD83","Differential Global Positioning System(DGPS)","Accurate to +/- 1 minute","5895","1","Feet","NGVD29","Interpolated from topographic map","+/- 5.0 ft","304","1","Feet","S300DNVRBS","Denver Basin aquifer system","US","United States of America","08","Colorado","035","Douglas County","Dawson Arkose","WELL","UNCONFINED","0","No","0","No","","1","Yes","1","Yes","3","Known Changes","1","Surveillance","2","Other","https://waterdata.usgs.gov/monitoring-location/393215104490001"
"USGS","381515105561001","U.S. Geological Survey","NA04600912BCA","38.2557768249938","-105.932790372871","NAD83","Global positioning system (GPS), Standard Positioning Service (SPS) or Precise Positioning Service (PPS) NOTE after October, 2014 only use for mapping grade GPS units and use new codes W,X,Y, or Z that indicate the quality of the GNSS survey.","Accurate to +/- 1 second","7912","1","Feet","NGVD29","Altimeter","+/- 20 ft","122","1","Feet","S100RIOGRD","Rio Grande aquifer system","US","United States of America","08","Colorado","109","Saguache County","Cenozoic Erathem","WELL","UNCONFINED","0","No","0","No","","1","Yes","1","Yes","2","Suspected / Anticipated Changes","1","Surveillance","2","Other","https://waterdata.usgs.gov/monitoring-location/381515105561001"
"USGS","381742105571801","U.S. Geological Survey","NA04700926CCB RG01","38.2949988221458","-105.955568583209","NAD83","Interpolated from map","Accurate to +/- 5 seconds","7980","1","Feet","NGVD29","Altimeter","+/- 1 ft","99","1","Feet","S100RIOGRD","Rio Grande aquifer system","US","United States of America","08","Colorado","109","Saguache County","Cenozoic Erathem","WELL","UNCONFINED","0","No","0","No","","1","Yes","1","Yes","2","Suspected / Anticipated Changes","1","Surveillance","2","Other","https://waterdata.usgs.gov/monitoring-location/381742105571801"
"USGS","393217104493701","U.S. Geological Survey","SC00606607CCBC GRNDEV1","39.5380443230333","-104.827476814155","NAD83","Differential Global Positioning System (DGPS)","Accurate to +/- 1 minute","5830","1","Feet","NGVD29","Interpolated from topographic map","+/- 5.0 ft","600","1","Feet","S300DNVRBS","Denver Basin aquifer system","US","United States of America","08","Colorado","035","Douglas County","Denver Formation","WELL","CONFINED","0","No","0","No","","1","Yes","1","Yes","3","Known Changes","1","Surveillance","2","Other","https://waterdata.usgs.gov/monitoring-location/393217104493701"
"USGS","393220104490001","U.S. Geological Survey","SC00606607DCAA GRNDEV7","39.5388776819116","-104.81719864791","NAD83","Differential Global Positioning System(DGPS)","Accurate to +/- 1 minute","5855","1","Feet","NGVD29","Interpolated from topographic map","+/- 5.0 ft","402","1","Feet","S300DNVRBS","Denver Basin aquifer system","US","United States of America","08","Colorado","035","Douglas County","Denver Formation","WELL","CONFINED","0","No","0","No","","1","Yes","1","Yes","2","Suspected / Anticipated Changes","1","Surveillance","2","Other","https://waterdata.usgs.gov/monitoring-location/393220104490001"
"USGS","393225104484901","U.S. Geological Survey","SC00606607DDAB GRNDAW1","39.5402665706923","-104.814142964957","NAD83","Differential Global Positioning System(DGPS)","Accurate to +/- 1 minute","5895","1","Feet","NGVD29","Interpolated from topographic map","+/- 5.0 ft","357","1","Feet","S300DNVRBS","Denver Basin aquifer system","US","United States of America","08","Colorado","035","Douglas County","Dawson Arkose","WELL","UNCONFINED","0","No","0","No","","1","Yes","1","Yes","3","Known Changes","1","Surveillance","2","Other","https://waterdata.usgs.gov/monitoring-location/393225104484901"
"USGS","393233104490001","U.S. Geological Survey","SC00606607DCDD GRNDEV6","39.5424887686379","-104.817198610613","NAD83","Differential Global Positioning System(DGPS)","Accurate to +/- 1 minute","5860","1","Feet","NGVD29","Interpolated from topographic map","+/- 5.0 ft","680","1","Feet","S300DNVRBS","Denver Basin aquifer system","US","United States of America","08","Colorado","035","Douglas County","Denver Formation","WELL","CONFINED","0","No","0","No","","1","Yes","1","Yes","2","Suspected / Anticipated Changes","1","Surveillance","2","Other","https://waterdata.usgs.gov/monitoring-location/393233104490001"
"USGS","393233104490501","U.S. Geological Survey","SC00606607DBAC GRNDEV2","39.5424887644226","-104.818587550944","NAD83","Differential Global Positioning System(DGPS)","Accurate to +/- 1 minute","5860","1","Feet","NGVD29","Interpolated from topographic map","+/- 5.0 ft","496","1","Feet","S300DNVRBS","Denver Basin aquifer system","US","United States of America","08","Colorado","035","Douglas County","Denver Formation","WELL","CONFINED","0","No","0","No","","1","Yes","1","Yes","3","Known Changes","1","Surveillance","2","Other","https://waterdata.usgs.gov/monitoring-location/393233104490501"
"USGS","393236104492201","U.S. Geological Survey","SC00606607CAAB GRNDEV8","39.5433220777943","-104.823309939554","NAD83","Differential Global Positioning System(DGPS)","Accurate to +/- 1 minute","5840","1","Feet","NGVD29","Interpolated from topographic map","+/- 5.0 ft","440","1","Feet","S300DNVRBS","Denver Basin aquifer system","US","United States of America","08","Colorado","035","Douglas County","Denver Formation","WELL","CONFINED","0","No","0","No","","1","Yes","1","Yes","2","Suspected / Anticipated Changes","1","Surveillance","2","Other","https://waterdata.usgs.gov/monitoring-location/393236104492201"
"USGS","393245104493401","U.S. Geological Survey","SC00606607BCAB GRNDAW6","39.5458220507837","-104.826643370999","NAD83","Differential Global Positioning System(DGPS)","Accurate to +/- 1 minute","5876","1","Feet","NGVD29","Interpolated from topographic map","+/- 5.0 ft","264","1","Feet","S300DNVRBS","Denver Basin aquifer system","US","United States of America","08","Colorado","035","Douglas County","Dawson Arkose","WELL","UNCONFINED","0","No","0","No","","1","Yes","1","Yes","2","Suspected / Anticipated Changes","1","Surveillance","2","Other","https://waterdata.usgs.gov/monitoring-location/393245104493401"
"USGS","393252104492101","U.S. Geological Survey","SC00606607BDAB GRNDEV3","39.5477305555556","-104.823097222222","NAD83","Differential Global Positioning System(DGPS)","Accurate to +/- .01 second (differentially corrected GPS)","5864.18","1","Feet","NAVD88","Differential Global Positioning System (DGPS) - NOT FOR NEW DATA ENTRY IF GNSS methods used. Historically used and includes DGPS and SGPS methods. After October, 2014 only use if commercial DGPS of sub meter accuracy was used.","+/- 0.1 ft","463","1","Feet","S300DNVRBS","Denver Basin aquifer system","US","United States of America","08","Colorado","035","Douglas County","Denver Formation","WELL","CONFINED","0","No","0","No","","1","Yes","1","Yes","2","Suspected / Anticipated Changes","1","Surveillance","2","Other","https://waterdata.usgs.gov/monitoring-location/393252104492101"
"USGS","393253104484401","U.S. Geological Survey","SC00606509BB GDAW1C","39.5482777777778","-104.812388888889","NAD83","Global positioning system (GPS), StandardPositioning Service (SPS) or Precise Positioning Service (PPS) NOTE after October, 2014 only use for mapping grade GPS units and use new codes W,X,Y, or Z that indicate the quality of the GNSS survey.","Unknown","5826.34","1","Feet","NAVD88","Differential Global Positioning System (DGPS) - NOT FOR NEW DATA ENTRY IF GNSS methods used. Historically used and includes DGPS and SGPS methods. After October, 2014 only use if commercial DGPS of sub meter accuracy was used.","+/- .01 ft","248","1","Feet","S300DNVRBS","Denver Basin aquifer system","US","United States of America","08","Colorado","035","Douglas County","Dawson Arkose","WELL","UNCONFINED","0","No","0","No","","1","Yes","1","Yes","2","Suspected / Anticipated Changes","1","Surveillance","2","Other","https://waterdata.usgs.gov/monitoring-location/393253104484401"
"USGS","393258104492401","U.S. Geological Survey","SC00606607BABD GRNDEV4","39.5494331459337","-104.823865453303","NAD83","Differential Global Positioning System(DGPS)","Accurate to +/- 1 minute","5835","1","Feet","NGVD29","Interpolated from topographic map","+/- 5.0 ft","520","1","Feet","S300DNVRBS","Denver Basin aquifer system","US","United States of America","08","Colorado","035","Douglas County","Denver Formation","WELL","CONFINED","0","No","0","No","","1","Yes","1","Yes","2","Suspected / Anticipated Changes","1","Surveillance","2","Other","https://waterdata.usgs.gov/monitoring-location/393258104492401"
"USGS","392235105003001","U.S. Geological Survey","SC00806809BA DENV 5","39.3748388888889","-105.008461111111","NAD83","Differential Global Positioning System (DGPS)","Accurate to +/- .01 second (differentially corrected GPS)","6317.29","1","Feet","NAVD88","Differential Global Positioning System (DGPS) - NOT FOR NEW DATA ENTRY IF GNSS methods used. Historically used and includes DGPS and SGPS methods. After October, 2014 only use if commercial DGPS of sub meter accuracy was used.","+/- 0.1 ft","380","1","Feet","S300DNVRBS","Denver Basin aquifer system","US","United States of America","08","Colorado","035","Douglas County","Denver Formation","WELL","UNCONFINED","0","No","0","No","","1","Yes","0","No","3","Known Changes","1","Surveillance","2","Other","https://waterdata.usgs.gov/monitoring-location/392235105003001"
"USGS","391229104421901","U.S. Geological Survey","SC01006506DB UDAW 1","39.2062222222222","-104.705219444444","NAD83","Differential Global Positioning System (DGPS)","Accurate to +/- .01 second (differentially corrected GPS)","6934.52","1","Feet","NAVD88","Differential Global Positioning System (DGPS) - NOT FOR NEW DATA ENTRY IF GNSS methods used. Historically used and includes DGPS and SGPS methods. After October, 2014 only use if commercial DGPS of sub meter accuracy was used.","+/- 0.1 ft","320","1","Feet","S300DNVRBS","Denver Basin aquifer system","US","United States of America","08","Colorado","035","Douglas County","Dawson Arkose","WELL","UNCONFINED","0","No","0","No","","1","Yes","0","No","2","Suspected / Anticipated Changes","1","Surveillance","2","Other","https://waterdata.usgs.gov/monitoring-location/391229104421901"
"USGS","391654104464501","U.S. Geological Survey","SC00906609DA LDAW 7","39.2801527777778","-104.779594444444","NAD83","Differential Global Positioning System (DGPS)","Accurate to +/- .01 second (differentially corrected GPS)","6676.78","1","Feet","NAVD88","Differential Global Positioning System (DGPS) - NOT FOR NEW DATA ENTRY IF GNSS methods used. Historically used and includes DGPS and SGPS methods. After October, 2014 only use if commercial DGPS of sub meter accuracy was used.","+/- 0.1 ft","345","1","Feet","S300DNVRBS","Denver Basin aquifer system","US","United States of America","08","Colorado","035","Douglas County","Dawson Arkose","WELL","UNCONFINED","0","No","0","No","","1","Yes","0","No","2","Suspected / Anticipated Changes","1","Surveillance","2","Other","https://waterdata.usgs.gov/monitoring-location/391654104464501"
"USGS","391929104574101","U.S. Geological Survey","SC00806826DA DENV 2","39.3228277777778","-104.961186111111","NAD83","Differential Global Positioning System (DGPS)","Accurate to +/- .01 second (differentially corrected GPS)","6268.94","1","Feet","NAVD88","Differential Global Positioning System (DGPS) - NOT FOR NEW DATA ENTRY IF GNSS methods used. Historically used and includes DGPS and SGPS methods. After October, 2014 only use if commercial DGPS of sub meter accuracy was used.","+/- 0.1 ft","300","1","Feet","S300DNVRBS","Denver Basin aquifer system","US","United States of America","08","Colorado","035","Douglas County","Denver Formation","WELL","UNCONFINED","0","No","0","No","","1","Yes","0","No","3","Known Changes","1","Surveillance","2","Other","https://waterdata.usgs.gov/monitoring-location/391929104574101"
"USGS","384348104232901","U.S. Geological Survey","SC01506324DBA2","38.7299722222222","-104.391194444444","NAD83","Global positioning system (GPS), Standard PositioningService (SPS) or Precise Positioning Service (PPS) NOTE after October, 2014 only use for mapping grade GPS units and use new codes W,X,Y, or Z that indicate the quality of the GNSS survey.","Accurate to +/- 1 second","5679.8","1","Feet","NGVD29","Level or other surveying method","+/- 0.1 ft","220.5","1","Feet","S300DNVRBS","Denver Basin aquifer system","US","United States of America","08","Colorado","041","El Paso County","Fox Hills Formation","WELL","CONFINED","0","No","0","No","","1","Yes","1","Yes","2","Suspected / Anticipated Changes","1","Surveillance","1","Dedicated Monitoring/Observation","https://waterdata.usgs.gov/monitoring-location/384348104232901"
"USGS","384506104241302","U.S. Geological Survey","SC01506313BBB3","38.7514722222222","-104.404083333333","NAD83","Global positioning system (GPS), Standard Positioning Service (SPS) or Precise Positioning Service (PPS) NOTE after October, 2014 only use for mapping grade GPS units and use new codes W,X,Y, or Z that indicate the quality of the GNSS survey.","Accurate to +/- 1 second","5789.2","1","Feet","NGVD29","Level or other surveying method","+/- 0.1 ft","340","1","Feet","S300DNVRBS","Denver Basin aquifer system","US","United States of America","08","Colorado","041","El Paso County","Fox Hills Formation","WELL","CONFINED","0","No","0","No","","1","Yes","1","Yes","2","Suspected / Anticipated Changes","1","Surveillance","1","Dedicated Monitoring/Observation","https://waterdata.usgs.gov/monitoring-location/384506104241302"
"USGS","384834104215703","U.S. Geological Survey","SC01406229BBB3","38.8097222222222","-104.36675","NAD83","Global positioning system (GPS), Standard PositioningService (SPS) or Precise Positioning Service (PPS) NOTE after October, 2014 only use for mapping grade GPS units and use new codes W,X,Y, or Z that indicate the quality of the GNSS survey.","Accurate to +/- 1 second","5895.6","1","Feet","NGVD29","Level or other surveying method","+/- 0.1 ft","320","1","Feet","S300DNVRBS","Denver Basin aquifer system","US","United States of America","08","Colorado","041","El Paso County","Laramie Formation","WELL","CONFINED","0","No","0","No","","1","Yes","1","Yes","2","Suspected / Anticipated Changes","2","Trend","2","Other","https://waterdata.usgs.gov/monitoring-location/384834104215703"
"USGS","384938104204002","U.S. Geological Survey","SC01406216CDB2","38.8280555555556","-104.346055555556","NAD83","Global positioning system (GPS), Standard Positioning Service (SPS) or Precise Positioning Service (PPS) NOTE after October, 2014 only use for mapping grade GPS units and use new codes W,X,Y, or Z that indicate the quality of the GNSS survey.","Accurate to +/- 1 second","5939.5","1","Feet","NGVD29","Level or other surveying method","+/- 0.1 ft","134.5","1","Feet","S300DNVRBS","Denver Basin aquifer system","US","United States of America","08","Colorado","041","El Paso County","Arapahoe Conglomerate Member of Laramie Formation","WELL","CONFINED","0","No","0","No","","1","Yes","1","Yes","2","Suspected / Anticipated Changes","1","Surveillance","1","Dedicated Monitoring/Observation","https://waterdata.usgs.gov/monitoring-location/384938104204002"
"USGS","385111104214403","U.S. Geological Survey","SC01406205CAA5 Cherokee 3","38.85825","-104.362116666667","NAD83","Global positioning system (GPS), Standard Positioning Service (SPS) or Precise Positioning Service (PPS) NOTE after October, 2014 only use for mapping grade GPS units and use new codes W,X,Y, or Z that indicate the quality of the GNSS survey.","Accurate to +/- 1 second","6035.7","1","Feet","NGVD29","Level or other surveying method","+/- 0.1 ft","324","1","Feet","S300DNVRBS","Denver Basin aquifer system","US","United States of America","08","Colorado","041","El Paso County","Arapahoe Conglomerate Member of Laramie Formation","WELL","CONFINED","0","No","0","No","","1","Yes","1","Yes","2","Suspected / Anticipated Changes","1","Surveillance","1","Dedicated Monitoring/Observation","https://waterdata.usgs.gov/monitoring-location/385111104214403"
"USGS","385323104224004","U.S. Geological Survey","SC01306230ACC4","38.8891388888889","-104.378444444444","NAD83","Global positioning system (GPS), Standard Positioning Service (SPS) or Precise Positioning Service (PPS) NOTE after October, 2014 only use for mapping grade GPS units and use new codes W,X,Y, or Z that indicate the quality of the GNSS survey.","Accurate to +/- 1 second","6156","1","Feet","NGVD29","Level or other surveying method","+/- 0.1 ft","365","1","Feet","S300DNVRBS","Denver Basin aquifer system","US","United States of America","08","Colorado","041","El Paso County","Arapahoe Conglomerate Member of Laramie Formation","WELL","CONFINED","0","No","0","No","","1","Yes","1","Yes","3","Known Changes","2","Trend","1","Dedicated Monitoring/Observation","https://waterdata.usgs.gov/monitoring-location/385323104224004"
"USGS","385344104242401","U.S. Geological Survey","SC01306326AAA1","38.8955277777778","-104.407861111111","NAD83","Global positioning system (GPS), Standard Positioning Service (SPS) or Precise Positioning Service (PPS) NOTE after October, 2014 only use for mapping grade GPS units and use new codes W,X,Y, or Z that indicate the quality of the GNSS survey.","Accurate to +/- 1 second","6225","1","Feet","NGVD29","Interpolated from topographic map","+/- 10 ft","80","1","Feet","S300DNVRBS","Denver Basin aquifer system","US","United States of America","08","Colorado","041","El Paso County","Dawson Arkose","WELL","UNCONFINED","0","No","0","No","","1","Yes","1","Yes","3","Known Changes","2","Trend","2","Other","https://waterdata.usgs.gov/monitoring-location/385344104242401"
"USGS","385607104230801","U.S. Geological Survey","SC01306207BCB4","38.9344166666667","-104.384555555556","NAD83","Global positioning system (GPS), Standard Positioning Service (SPS) or Precise Positioning Service (PPS) NOTE after October, 2014 only use for mapping grade GPS units and use new codes W,X,Y, or Z that indicate the quality of the GNSS survey.","Accurate to +/- 1 second","6282.5","1","Feet","NGVD29","Level or other surveying method","+/- 0.1 ft","246","1","Feet","S300DNVRBS","Denver Basin aquifer system","US","United States of America","08","Colorado","041","El Paso County","Denver Formation","WELL","UNCONFINED","0","No","0","No","","1","Yes","1","Yes","2","Suspected / Anticipated Changes","1","Surveillance","2","Other","https://waterdata.usgs.gov/monitoring-location/385607104230801"
"USGS","385850104230701","U.S. Geological Survey","SC01206219CCC2 (BLACK SQUIRREL)","38.9825","-104.385944444444","NAD83","Global positioning system (GPS), Standard Positioning Service (SPS) or Precise Positioning Service (PPS) NOTE after October, 2014 only use for mapping grade GPS units and use new codes W,X,Y, or Z that indicate the quality of the GNSS survey.","Accurate to +/- 1 second","6450","1","Feet","NGVD29","Interpolated from topographic map","+/- 010 ft","367.5","1","Feet","S300DNVRBS","Denver Basin aquifer system","US","United States of America","08","Colorado","041","El Paso County","Denver Formation","WELL","CONFINED","0","No","0","No","","1","Yes","1","Yes","1","Background","2","Trend","1","Dedicated Monitoring/Observation","https://waterdata.usgs.gov/monitoring-location/385850104230701"
"USGS","393902103554001","U.S. Geological Survey","SC00505806BBD1 DTX10A MUDDY CREEK","39.6505555555556","-103.927777777778","NAD83","Global positioning system (GPS), Standard Positioning Service (SPS) or Precise Positioning Service (PPS) NOTE after October, 2014 only use for mapping grade GPS units and use new codes W,X,Y, or Z that indicate the quality of the GNSS survey.","Accurate to +/- 1 second","5120","1","Feet","NAVD88","Global Positioning System (GPS) - NOT FOR NEW DATA ENTRY Historically used and includes DGPS and SGPS. NOTE mapping grade GPS should only be used for lat lon and then use other method for altitude, such as interpolate from topo map or DEM (method M and N)","+/- 1 ft","59.94","1","Feet","S300DNVRBS","Denver Basin aquifer system","US","United States of America","08","Colorado","005","Arapahoe County","Fox Hills Formation","WELL","UNCONFINED","1","Yes","1","Yes","CRN","1","Yes","1","Yes","1","Background","2","Trend","1","Dedicated Monitoring/Observation","https://waterdata.usgs.gov/monitoring-location/393902103554001"
"USGS","393259104491001","U.S. Geological Survey","SC00606607ABCA GRNDAW4","39.5498944444444","-104.819833333333","NAD83","Differential Global Positioning System(DGPS)","Accurate to +/- .01 second (differentially corrected GPS)","5816.5","1","Feet","NAVD88","Differential Global Positioning System (DGPS) - NOT FOR NEW DATA ENTRY IF GNSS methods used. Historically used and includes DGPS and SGPS methods. After October, 2014 only use if commercial DGPS of sub meter accuracy was used.","+/- 0.2 ft","280","1","Feet","S300DNVRBS","Denver Basin aquifer system","US","United States of America","08","Colorado","035","Douglas County","Dawson Arkose","WELL","UNCONFINED","0","No","0","No","","1","Yes","1","Yes","2","Suspected / Anticipated Changes","2","Trend","2","Other","https://waterdata.usgs.gov/monitoring-location/393259104491001"
"USGS","390740103055801","U.S. Geological Survey","SC01105103BAA1 LKWD RT WELL","39.1277707725764","-103.099935799721","NAD83","Interpolated from map","Accurate to +/- 5 seconds","5084","1","Feet","NAVD88","Interpolated from digital elevation model (DEM)","+/- 4.3 ft","63","1","Feet","N100HGHPLN","High Plains aquifer","US","United States of America","08","Colorado","063","Kit Carson County","Ogallala Formation","WELL","UNCONFINED","0","No","0","No","CRN","1","Yes","1","Yes","1","Background","2","Trend","1","Dedicated Monitoring/Observation","https://waterdata.usgs.gov/monitoring-location/390740103055801"
